﻿<?xml version="1.0" encoding="utf-8"?>
<AnalysisOutput>
  <Status>Cycle</Status>
  <Variables>
    <Variable Id="3^9" Value="2" />
    <Variable Id="3^8" Value="3" />
    <Variable Id="3^7" Value="3" />
    <Variable Id="3^6" Value="2" />
    <Variable Id="3^5" Value="1" />
    <Variable Id="3^4" Value="1" />
    <Variable Id="3^3" Value="2" />
    <Variable Id="3^2" Value="3" />
    <Variable Id="3^1" Value="3" />
    <Variable Id="3^0" Value="2" />
    <Variable Id="2^9" Value="3" />
    <Variable Id="2^8" Value="2" />
    <Variable Id="2^7" Value="1" />
    <Variable Id="2^6" Value="1" />
    <Variable Id="2^5" Value="2" />
    <Variable Id="2^4" Value="3" />
    <Variable Id="2^3" Value="3" />
    <Variable Id="2^2" Value="2" />
    <Variable Id="2^1" Value="1" />
    <Variable Id="2^0" Value="1" />
    <Variable Id="1^9" Value="3" />
    <Variable Id="1^8" Value="3" />
    <Variable Id="1^7" Value="2" />
    <Variable Id="1^6" Value="1" />
    <Variable Id="1^5" Value="1" />
    <Variable Id="1^4" Value="2" />
    <Variable Id="1^3" Value="3" />
    <Variable Id="1^2" Value="3" />
    <Variable Id="1^1" Value="2" />
    <Variable Id="1^0" Value="1" />
  </Variables>
</AnalysisOutput>