﻿<?xml version="1.0" encoding="utf-8"?>
<AnalysisInput>
  <Variables>
    <Variable Id="1">
      <Name>X</Name>
      <RangeFrom>0</RangeFrom>
      <RangeTo>1</RangeTo>
      <Function>var(2)</Function>
    </Variable>
    <Variable Id="2">
      <Name>Y</Name>
      <RangeFrom>0</RangeFrom>
      <RangeTo>1</RangeTo>
      <Function>var(1)</Function>
    </Variable>
  </Variables>
  <Relationships>
    <Relationship Id="1">
      <FromVariableId>1</FromVariableId>
      <ToVariableId>2</ToVariableId>
      <Type>Activator</Type>
    </Relationship>
    <Relationship Id="0">
      <FromVariableId>2</FromVariableId>
      <ToVariableId>1</ToVariableId>
      <Type>Activator</Type>
    </Relationship>
  </Relationships>
</AnalysisInput>