﻿<?xml version="1.0" encoding="utf-8"?>
<AnalysisInput>
  <Variables>
    <Variable Id="1">
      <Name>in</Name>
      <RangeFrom>0</RangeFrom>
      <RangeTo>4</RangeTo>
      <Function>0</Function>
    </Variable>
    <Variable Id="3">
      <Name>a</Name>
      <RangeFrom>0</RangeFrom>
      <RangeTo>4</RangeTo>
      <Function>var(1)</Function>
    </Variable>
    <Variable Id="4">
      <Name>b</Name>
      <RangeFrom>0</RangeFrom>
      <RangeTo>4</RangeTo>
      <Function>max(var(3)-var(5),0)</Function>
    </Variable>
    <Variable Id="5">
      <Name>c</Name>
      <RangeFrom>0</RangeFrom>
      <RangeTo>4</RangeTo>
      <Function>var(4)</Function>
    </Variable>
    <Variable Id="6">
      <Name>out</Name>
      <RangeFrom>0</RangeFrom>
      <RangeTo>4</RangeTo>
      <Function>max(var(3)-var(4),0)</Function>
    </Variable>
    <Variable Id="2">
      <Name></Name>
      <RangeFrom>0</RangeFrom>
      <RangeTo>0</RangeTo>
      <Function></Function>
    </Variable>
    <Variable Id="7">
      <Name>in</Name>
      <RangeFrom>0</RangeFrom>
      <RangeTo>4</RangeTo>
      <Function>4</Function>
    </Variable>
    <Variable Id="8">
      <Name>a</Name>
      <RangeFrom>0</RangeFrom>
      <RangeTo>4</RangeTo>
      <Function>var(7)</Function>
    </Variable>
    <Variable Id="9">
      <Name>b</Name>
      <RangeFrom>0</RangeFrom>
      <RangeTo>4</RangeTo>
      <Function>max(var(8)-var(10),0)</Function>
    </Variable>
    <Variable Id="10">
      <Name>c</Name>
      <RangeFrom>0</RangeFrom>
      <RangeTo>4</RangeTo>
      <Function>var(9)</Function>
    </Variable>
    <Variable Id="11">
      <Name>out</Name>
      <RangeFrom>0</RangeFrom>
      <RangeTo>4</RangeTo>
      <Function>max(var(8)-var(9),0)</Function>
    </Variable>
  </Variables>
  <Relationships>
    <Relationship Id="1">
      <FromVariableId>1</FromVariableId>
      <ToVariableId>3</ToVariableId>
      <Type>Activator</Type>
    </Relationship>
    <Relationship Id="2">
      <FromVariableId>3</FromVariableId>
      <ToVariableId>4</ToVariableId>
      <Type>Activator</Type>
    </Relationship>
    <Relationship Id="3">
      <FromVariableId>3</FromVariableId>
      <ToVariableId>6</ToVariableId>
      <Type>Activator</Type>
    </Relationship>
    <Relationship Id="4">
      <FromVariableId>4</FromVariableId>
      <ToVariableId>5</ToVariableId>
      <Type>Activator</Type>
    </Relationship>
    <Relationship Id="5">
      <FromVariableId>5</FromVariableId>
      <ToVariableId>4</ToVariableId>
      <Type>Inhibitor</Type>
    </Relationship>
    <Relationship Id="6">
      <FromVariableId>4</FromVariableId>
      <ToVariableId>6</ToVariableId>
      <Type>Inhibitor</Type>
    </Relationship>
    <Relationship Id="7">
      <FromVariableId>7</FromVariableId>
      <ToVariableId>8</ToVariableId>
      <Type>Activator</Type>
    </Relationship>
    <Relationship Id="8">
      <FromVariableId>8</FromVariableId>
      <ToVariableId>9</ToVariableId>
      <Type>Activator</Type>
    </Relationship>
    <Relationship Id="9">
      <FromVariableId>8</FromVariableId>
      <ToVariableId>11</ToVariableId>
      <Type>Activator</Type>
    </Relationship>
    <Relationship Id="10">
      <FromVariableId>9</FromVariableId>
      <ToVariableId>10</ToVariableId>
      <Type>Activator</Type>
    </Relationship>
    <Relationship Id="11">
      <FromVariableId>10</FromVariableId>
      <ToVariableId>9</ToVariableId>
      <Type>Inhibitor</Type>
    </Relationship>
    <Relationship Id="12">
      <FromVariableId>9</FromVariableId>
      <ToVariableId>11</ToVariableId>
      <Type>Inhibitor</Type>
    </Relationship>
  </Relationships>
</AnalysisInput>