﻿<?xml version="1.0" encoding="utf-8"?>
<AnalysisInput>
  <Variables>
    <Variable Id="1">
      <Name>Rec1</Name>
      <RangeFrom>0</RangeFrom>
      <RangeTo>1</RangeTo>
      <Function></Function>
    </Variable>
    <Variable Id="2">
      <Name>Rec2</Name>
      <RangeFrom>0</RangeFrom>
      <RangeTo>1</RangeTo>
      <Function></Function>
    </Variable>
    <Variable Id="5">
      <Name>VarA</Name>
      <RangeFrom>0</RangeFrom>
      <RangeTo>4</RangeTo>
      <Function></Function>
    </Variable>
    <Variable Id="6">
      <Name>VarB</Name>
      <RangeFrom>0</RangeFrom>
      <RangeTo>4</RangeTo>
      <Function></Function>
    </Variable>
    <Variable Id="7">
      <Name>VarC</Name>
      <RangeFrom>0</RangeFrom>
      <RangeTo>4</RangeTo>
      <Function></Function>
    </Variable>
    <Variable Id="8">
      <Name>VarD</Name>
      <RangeFrom>0</RangeFrom>
      <RangeTo>4</RangeTo>
      <Function></Function>
    </Variable>
    <Variable Id="9">
      <Name>VarE</Name>
      <RangeFrom>0</RangeFrom>
      <RangeTo>4</RangeTo>
      <Function></Function>
    </Variable>
    <Variable Id="10">
      <Name>ProtF</Name>
      <RangeFrom>0</RangeFrom>
      <RangeTo>4</RangeTo>
      <Function></Function>
    </Variable>
    <Variable Id="11">
      <Name>ConstA</Name>
      <RangeFrom>4</RangeFrom>
      <RangeTo>4</RangeTo>
      <Function></Function>
    </Variable>
  </Variables>
  <Relationships>
    <Relationship Id="1">
      <FromVariableId>1</FromVariableId>
      <ToVariableId>5</ToVariableId>
      <Type>Activator</Type>
    </Relationship>
    <Relationship Id="2">
      <FromVariableId>1</FromVariableId>
      <ToVariableId>6</ToVariableId>
      <Type>Activator</Type>
    </Relationship>
    <Relationship Id="3">
      <FromVariableId>5</FromVariableId>
      <ToVariableId>6</ToVariableId>
      <Type>Activator</Type>
    </Relationship>
    <Relationship Id="4">
      <FromVariableId>6</FromVariableId>
      <ToVariableId>5</ToVariableId>
      <Type>Activator</Type>
    </Relationship>
    <Relationship Id="5">
      <FromVariableId>6</FromVariableId>
      <ToVariableId>7</ToVariableId>
      <Type>Activator</Type>
    </Relationship>
    <Relationship Id="6">
      <FromVariableId>5</FromVariableId>
      <ToVariableId>7</ToVariableId>
      <Type>Activator</Type>
    </Relationship>
    <Relationship Id="7">
      <FromVariableId>7</FromVariableId>
      <ToVariableId>8</ToVariableId>
      <Type>Activator</Type>
    </Relationship>
    <Relationship Id="8">
      <FromVariableId>8</FromVariableId>
      <ToVariableId>9</ToVariableId>
      <Type>Activator</Type>
    </Relationship>
    <Relationship Id="9">
      <FromVariableId>9</FromVariableId>
      <ToVariableId>10</ToVariableId>
      <Type>Activator</Type>
    </Relationship>
    <Relationship Id="12">
      <FromVariableId>2</FromVariableId>
      <ToVariableId>5</ToVariableId>
      <Type>Inhibitor</Type>
    </Relationship>
    <Relationship Id="10">
      <FromVariableId>11</FromVariableId>
      <ToVariableId>1</ToVariableId>
      <Type>Activator</Type>
    </Relationship>
    <Relationship Id="11">
      <FromVariableId>11</FromVariableId>
      <ToVariableId>2</ToVariableId>
      <Type>Activator</Type>
    </Relationship>
  </Relationships>
</AnalysisInput>