<?xml version="1.0" encoding="utf-8"?>
<AnalysisInput>
  <Variables>
    <Variable Id="2">
      <Name></Name>
      <RangeFrom>0</RangeFrom>
      <RangeTo>0</RangeTo>
      <Function></Function>
    </Variable>
    <Variable Id="7">
      <Name>in</Name>
      <RangeFrom>0</RangeFrom>
      <RangeTo>4</RangeTo>
      <Function>4</Function>
    </Variable>
    <Variable Id="8">
      <Name>a</Name>
      <RangeFrom>0</RangeFrom>
      <RangeTo>4</RangeTo>
      <Function>var(7)</Function>
    </Variable>
    <Variable Id="9">
      <Name>b</Name>
      <RangeFrom>0</RangeFrom>
      <RangeTo>4</RangeTo>
      <Function>var(8)-var(12)</Function>
    </Variable>
    <Variable Id="12">
      <Name>c</Name>
      <RangeFrom>0</RangeFrom>
      <RangeTo>4</RangeTo>
      <Function>var(9)</Function>
    </Variable>
  </Variables>
  <Relationships>
    <Relationship Id="7">
      <FromVariableId>7</FromVariableId>
      <ToVariableId>8</ToVariableId>
      <Type>Activator</Type>
    </Relationship>
    <Relationship Id="8">
      <FromVariableId>8</FromVariableId>
      <ToVariableId>9</ToVariableId>
      <Type>Activator</Type>
    </Relationship>
    <Relationship Id="14">
      <FromVariableId>9</FromVariableId>
      <ToVariableId>12</ToVariableId>
      <Type>Activator</Type>
    </Relationship>
    <Relationship Id="15">
      <FromVariableId>12</FromVariableId>
      <ToVariableId>9</ToVariableId>
      <Type>Inhibitor</Type>
    </Relationship>
  </Relationships>
</AnalysisInput>