﻿<?xml version="1.0" encoding="utf-8"?>
<AnalysisInput>
  <Variables>
    <Variable Id="1">
      <Name>LET-23</Name>
      <RangeFrom>0</RangeFrom>
      <RangeTo>2</RangeTo>
      <Function>2</Function>
    </Variable>
    <Variable Id="2">
      <Name>lin-12</Name>
      <RangeFrom>0</RangeFrom>
      <RangeTo>2</RangeTo>
      <Function>max(0,2 - ((2 - var(23))*(max(var(7) - 1,0) + 1)))</Function>
    </Variable>
    <Variable Id="3">
      <Name>signalact</Name>
      <RangeFrom>0</RangeFrom>
      <RangeTo>2</RangeTo>
      <Function>max(var(1),var(21))</Function>
    </Variable>
    <Variable Id="4">
      <Name>SEM-5</Name>
      <RangeFrom>0</RangeFrom>
      <RangeTo>2</RangeTo>
      <Function>max(0,2 - ((2 - var(3))*(max(var(9) - 1,0) + 1)))</Function>
    </Variable>
    <Variable Id="5">
      <Name>LET-60</Name>
      <RangeFrom>0</RangeFrom>
      <RangeTo>2</RangeTo>
      <Function>max(0,2 - ((2 - var(4))*(max(var(9)-1,0)+1)))</Function>
    </Variable>
    <Variable Id="6">
      <Name>signal</Name>
      <RangeFrom>0</RangeFrom>
      <RangeTo>2</RangeTo>
      <Function>max(0,2 - ((2 - var(5))*(max(var(9)-1,0)+1)))</Function>
    </Variable>
    <Variable Id="7">
      <Name>MPK-1</Name>
      <RangeFrom>0</RangeFrom>
      <RangeTo>2</RangeTo>
      <Function>min(var(6)+var(8),2)</Function>
    </Variable>
    <Variable Id="8">
      <Name>relsig</Name>
      <RangeFrom>0</RangeFrom>
      <RangeTo>2</RangeTo>
      <Function>max(var(24) - var(9) - 1,0)</Function>
    </Variable>
    <Variable Id="9">
      <Name>lst</Name>
      <RangeFrom>0</RangeFrom>
      <RangeTo>2</RangeTo>
      <Function>min(2 - var(3),1)*var(2)</Function>
    </Variable>
    <Variable Id="10">
      <Name>ROM-1</Name>
      <RangeFrom>0</RangeFrom>
      <RangeTo>2</RangeTo>
      <Function>min(var(7),var(1))</Function>
    </Variable>
    <Variable Id="21">
      <Name>lin-3</Name>
      <RangeFrom>0</RangeFrom>
      <RangeTo>2</RangeTo>
      <Function>2 - var(22)</Function>
    </Variable>
    <Variable Id="22">
      <Name>lin-15</Name>
      <RangeFrom>0</RangeFrom>
      <RangeTo>2</RangeTo>
      <Function>2</Function>
    </Variable>
    <Variable Id="23">
      <Name>LSext</Name>
      <RangeFrom>0</RangeFrom>
      <RangeTo>2</RangeTo>
      <Function>max(var(51),var(31))</Function>
    </Variable>
    <Variable Id="24">
      <Name>Relay</Name>
      <RangeFrom>0</RangeFrom>
      <RangeTo>2</RangeTo>
      <Function>max(var(54),var(34))</Function>
    </Variable>
    <Variable Id="25">
      <Name>LET-23</Name>
      <RangeFrom>0</RangeFrom>
      <RangeTo>2</RangeTo>
      <Function>1</Function>
    </Variable>
    <Variable Id="26">
      <Name>lin-12</Name>
      <RangeFrom>0</RangeFrom>
      <RangeTo>2</RangeTo>
      <Function>max(0,2 - ((2 - var(89))*(max(var(31) - 1,0) + 1)))</Function>
    </Variable>
    <Variable Id="27">
      <Name>signalact</Name>
      <RangeFrom>0</RangeFrom>
      <RangeTo>2</RangeTo>
      <Function>max(var(25),var(87))</Function>
    </Variable>
    <Variable Id="28">
      <Name>SEM-5</Name>
      <RangeFrom>0</RangeFrom>
      <RangeTo>2</RangeTo>
      <Function>max(0,2 - ((2 - var(27))*(max(var(33) - 1,0) + 1)))</Function>
    </Variable>
    <Variable Id="29">
      <Name>LET-60</Name>
      <RangeFrom>0</RangeFrom>
      <RangeTo>2</RangeTo>
      <Function>max(0,2 - ((2 - var(28))*(max(var(33)-1,0)+1)))</Function>
    </Variable>
    <Variable Id="30">
      <Name>signal</Name>
      <RangeFrom>0</RangeFrom>
      <RangeTo>2</RangeTo>
      <Function>max(0,2 - ((2 - var(29))*(max(var(33)-1,0)+1)))</Function>
    </Variable>
    <Variable Id="31">
      <Name>MPK-1</Name>
      <RangeFrom>0</RangeFrom>
      <RangeTo>2</RangeTo>
      <Function>min(var(30)+var(32),2)</Function>
    </Variable>
    <Variable Id="32">
      <Name>relsig</Name>
      <RangeFrom>0</RangeFrom>
      <RangeTo>2</RangeTo>
      <Function>max(var(90) - var(33) - 1,0)</Function>
    </Variable>
    <Variable Id="33">
      <Name>lst</Name>
      <RangeFrom>0</RangeFrom>
      <RangeTo>2</RangeTo>
      <Function>min(2 - var(27),1)*var(26)</Function>
    </Variable>
    <Variable Id="34">
      <Name>ROM-1</Name>
      <RangeFrom>0</RangeFrom>
      <RangeTo>2</RangeTo>
      <Function>min(var(31),var(25))</Function>
    </Variable>
    <Variable Id="35">
      <Name>LET-23</Name>
      <RangeFrom>0</RangeFrom>
      <RangeTo>2</RangeTo>
      <Function>0</Function>
    </Variable>
    <Variable Id="36">
      <Name>lin-12</Name>
      <RangeFrom>0</RangeFrom>
      <RangeTo>2</RangeTo>
      <Function>max(0,2 - ((2 - var(93))*(max(var(41) - 1,0) + 1)))</Function>
    </Variable>
    <Variable Id="37">
      <Name>signalact</Name>
      <RangeFrom>0</RangeFrom>
      <RangeTo>2</RangeTo>
      <Function>max(var(35),var(91))</Function>
    </Variable>
    <Variable Id="38">
      <Name>SEM-5</Name>
      <RangeFrom>0</RangeFrom>
      <RangeTo>2</RangeTo>
      <Function>max(0,2 - ((2 - var(37))*(max(var(43) - 1,0) + 1)))</Function>
    </Variable>
    <Variable Id="39">
      <Name>LET-60</Name>
      <RangeFrom>0</RangeFrom>
      <RangeTo>2</RangeTo>
      <Function>max(0,2 - ((2 - var(38))*(max(var(43)-1,0)+1)))</Function>
    </Variable>
    <Variable Id="40">
      <Name>signal</Name>
      <RangeFrom>0</RangeFrom>
      <RangeTo>2</RangeTo>
      <Function>max(0,2 - ((2 - var(39))*(max(var(43)-1,0)+1)))</Function>
    </Variable>
    <Variable Id="41">
      <Name>MPK-1</Name>
      <RangeFrom>0</RangeFrom>
      <RangeTo>2</RangeTo>
      <Function>min(var(40)+var(42),2)</Function>
    </Variable>
    <Variable Id="42">
      <Name>relsig</Name>
      <RangeFrom>0</RangeFrom>
      <RangeTo>2</RangeTo>
      <Function>max(var(94) - var(43) - 1,0)</Function>
    </Variable>
    <Variable Id="43">
      <Name>lst</Name>
      <RangeFrom>0</RangeFrom>
      <RangeTo>2</RangeTo>
      <Function>min(2 - var(37),1)*var(36)</Function>
    </Variable>
    <Variable Id="44">
      <Name>ROM-1</Name>
      <RangeFrom>0</RangeFrom>
      <RangeTo>2</RangeTo>
      <Function>min(var(41),var(35))</Function>
    </Variable>
    <Variable Id="45">
      <Name>LET-23</Name>
      <RangeFrom>0</RangeFrom>
      <RangeTo>2</RangeTo>
      <Function>1</Function>
    </Variable>
    <Variable Id="46">
      <Name>lin-12</Name>
      <RangeFrom>0</RangeFrom>
      <RangeTo>2</RangeTo>
      <Function>max(0,2 - ((2 - var(77))*(max(var(51) - 1,0) + 1)))</Function>
    </Variable>
    <Variable Id="47">
      <Name>signalact</Name>
      <RangeFrom>0</RangeFrom>
      <RangeTo>2</RangeTo>
      <Function>max(var(45),var(75))</Function>
    </Variable>
    <Variable Id="48">
      <Name>SEM-5</Name>
      <RangeFrom>0</RangeFrom>
      <RangeTo>2</RangeTo>
      <Function>max(0,2 - ((2 - var(47))*(max(var(53) - 1,0) + 1)))</Function>
    </Variable>
    <Variable Id="49">
      <Name>LET-60</Name>
      <RangeFrom>0</RangeFrom>
      <RangeTo>2</RangeTo>
      <Function>max(0,2 - ((2 - var(48))*(max(var(53)-1,0)+1)))</Function>
    </Variable>
    <Variable Id="50">
      <Name>signal</Name>
      <RangeFrom>0</RangeFrom>
      <RangeTo>2</RangeTo>
      <Function>max(0,2 - ((2 - var(49))*(max(var(53)-1,0)+1)))</Function>
    </Variable>
    <Variable Id="51">
      <Name>MPK-1</Name>
      <RangeFrom>0</RangeFrom>
      <RangeTo>2</RangeTo>
      <Function>min(var(50)+var(52),2)</Function>
    </Variable>
    <Variable Id="52">
      <Name>relsig</Name>
      <RangeFrom>0</RangeFrom>
      <RangeTo>2</RangeTo>
      <Function>max(var(78) - var(53) - 1,0)</Function>
    </Variable>
    <Variable Id="53">
      <Name>lst</Name>
      <RangeFrom>0</RangeFrom>
      <RangeTo>2</RangeTo>
      <Function>min(2 - var(47),1)*var(46)</Function>
    </Variable>
    <Variable Id="54">
      <Name>ROM-1</Name>
      <RangeFrom>0</RangeFrom>
      <RangeTo>2</RangeTo>
      <Function>min(var(51),var(45))</Function>
    </Variable>
    <Variable Id="55">
      <Name>LET-23</Name>
      <RangeFrom>0</RangeFrom>
      <RangeTo>2</RangeTo>
      <Function>0</Function>
    </Variable>
    <Variable Id="56">
      <Name>lin-12</Name>
      <RangeFrom>0</RangeFrom>
      <RangeTo>2</RangeTo>
      <Function>max(0,2 - ((2 - var(81))*(max(var(61) - 1,0) + 1)))</Function>
    </Variable>
    <Variable Id="57">
      <Name>signalact</Name>
      <RangeFrom>0</RangeFrom>
      <RangeTo>2</RangeTo>
      <Function>max(var(55),var(79))</Function>
    </Variable>
    <Variable Id="58">
      <Name>SEM-5</Name>
      <RangeFrom>0</RangeFrom>
      <RangeTo>2</RangeTo>
      <Function>max(0,2 - ((2 - var(57))*(max(var(63) - 1,0) + 1)))</Function>
    </Variable>
    <Variable Id="59">
      <Name>LET-60</Name>
      <RangeFrom>0</RangeFrom>
      <RangeTo>2</RangeTo>
      <Function>max(0,2 - ((2 - var(58))*(max(var(63)-1,0)+1)))</Function>
    </Variable>
    <Variable Id="60">
      <Name>signal</Name>
      <RangeFrom>0</RangeFrom>
      <RangeTo>2</RangeTo>
      <Function>max(0,2 - ((2 - var(59))*(max(var(63)-1,0)+1)))</Function>
    </Variable>
    <Variable Id="61">
      <Name>MPK-1</Name>
      <RangeFrom>0</RangeFrom>
      <RangeTo>2</RangeTo>
      <Function>min(var(60)+var(62),2)</Function>
    </Variable>
    <Variable Id="62">
      <Name>relsig</Name>
      <RangeFrom>0</RangeFrom>
      <RangeTo>2</RangeTo>
      <Function>max(var(82) - var(63) - 1,0)</Function>
    </Variable>
    <Variable Id="63">
      <Name>lst</Name>
      <RangeFrom>0</RangeFrom>
      <RangeTo>2</RangeTo>
      <Function>min(2 - var(57),1)*var(56)</Function>
    </Variable>
    <Variable Id="64">
      <Name>ROM-1</Name>
      <RangeFrom>0</RangeFrom>
      <RangeTo>2</RangeTo>
      <Function>min(var(61),var(55))</Function>
    </Variable>
    <Variable Id="65">
      <Name>LET-23</Name>
      <RangeFrom>0</RangeFrom>
      <RangeTo>2</RangeTo>
      <Function>0</Function>
    </Variable>
    <Variable Id="66">
      <Name>lin-12</Name>
      <RangeFrom>0</RangeFrom>
      <RangeTo>2</RangeTo>
      <Function>max(0,2 - ((2 - var(85))*(max(var(71) - 1,0) + 1)))</Function>
    </Variable>
    <Variable Id="67">
      <Name>signalact</Name>
      <RangeFrom>0</RangeFrom>
      <RangeTo>2</RangeTo>
      <Function>max(var(65),var(83))</Function>
    </Variable>
    <Variable Id="68">
      <Name>SEM-5</Name>
      <RangeFrom>0</RangeFrom>
      <RangeTo>2</RangeTo>
      <Function>max(0,2 - ((2 - var(67))*(max(var(73) - 1,0) + 1)))</Function>
    </Variable>
    <Variable Id="69">
      <Name>LET-60</Name>
      <RangeFrom>0</RangeFrom>
      <RangeTo>2</RangeTo>
      <Function>max(0,2 - ((2 - var(68))*(max(var(73)-1,0)+1)))</Function>
    </Variable>
    <Variable Id="70">
      <Name>signal</Name>
      <RangeFrom>0</RangeFrom>
      <RangeTo>2</RangeTo>
      <Function>max(0,2 - ((2 - var(69))*(max(var(73)-1,0)+1)))</Function>
    </Variable>
    <Variable Id="71">
      <Name>MPK-1</Name>
      <RangeFrom>0</RangeFrom>
      <RangeTo>2</RangeTo>
      <Function>min(var(70)+var(72),2)</Function>
    </Variable>
    <Variable Id="72">
      <Name>relsig</Name>
      <RangeFrom>0</RangeFrom>
      <RangeTo>2</RangeTo>
      <Function>max(var(86) - var(73) - 1,0)</Function>
    </Variable>
    <Variable Id="73">
      <Name>lst</Name>
      <RangeFrom>0</RangeFrom>
      <RangeTo>2</RangeTo>
      <Function>min(2 - var(67),1)*var(66)</Function>
    </Variable>
    <Variable Id="74">
      <Name>ROM-1</Name>
      <RangeFrom>0</RangeFrom>
      <RangeTo>2</RangeTo>
      <Function>min(var(71),var(65))</Function>
    </Variable>
    <Variable Id="75">
      <Name>lin-3</Name>
      <RangeFrom>0</RangeFrom>
      <RangeTo>2</RangeTo>
      <Function>2 - var(76)</Function>
    </Variable>
    <Variable Id="76">
      <Name>lin-15</Name>
      <RangeFrom>0</RangeFrom>
      <RangeTo>2</RangeTo>
      <Function>2</Function>
    </Variable>
    <Variable Id="77">
      <Name>LSext</Name>
      <RangeFrom>0</RangeFrom>
      <RangeTo>2</RangeTo>
      <Function>max(var(61),var(7))</Function>
    </Variable>
    <Variable Id="78">
      <Name>Relay</Name>
      <RangeFrom>0</RangeFrom>
      <RangeTo>2</RangeTo>
      <Function>max(var(64),var(10))</Function>
    </Variable>
    <Variable Id="79">
      <Name>lin-3</Name>
      <RangeFrom>0</RangeFrom>
      <RangeTo>2</RangeTo>
      <Function>2 - var(80)</Function>
    </Variable>
    <Variable Id="80">
      <Name>lin-15</Name>
      <RangeFrom>0</RangeFrom>
      <RangeTo>2</RangeTo>
      <Function>2</Function>
    </Variable>
    <Variable Id="81">
      <Name>LSext</Name>
      <RangeFrom>0</RangeFrom>
      <RangeTo>2</RangeTo>
      <Function>max(var(71),var(51))</Function>
    </Variable>
    <Variable Id="82">
      <Name>Relay</Name>
      <RangeFrom>0</RangeFrom>
      <RangeTo>2</RangeTo>
      <Function>max(var(74),var(54))</Function>
    </Variable>
    <Variable Id="83">
      <Name>lin-3</Name>
      <RangeFrom>0</RangeFrom>
      <RangeTo>2</RangeTo>
      <Function>2 - var(84)</Function>
    </Variable>
    <Variable Id="84">
      <Name>lin-15</Name>
      <RangeFrom>0</RangeFrom>
      <RangeTo>2</RangeTo>
      <Function>2</Function>
    </Variable>
    <Variable Id="85">
      <Name>LSext</Name>
      <RangeFrom>0</RangeFrom>
      <RangeTo>2</RangeTo>
      <Function>max(0,var(61))</Function>
    </Variable>
    <Variable Id="86">
      <Name>Relay</Name>
      <RangeFrom>0</RangeFrom>
      <RangeTo>2</RangeTo>
      <Function>max(0,var(64))</Function>
    </Variable>
    <Variable Id="87">
      <Name>lin-3</Name>
      <RangeFrom>0</RangeFrom>
      <RangeTo>2</RangeTo>
      <Function>2 - var(88)</Function>
    </Variable>
    <Variable Id="88">
      <Name>lin-15</Name>
      <RangeFrom>0</RangeFrom>
      <RangeTo>2</RangeTo>
      <Function>2</Function>
    </Variable>
    <Variable Id="89">
      <Name>LSext</Name>
      <RangeFrom>0</RangeFrom>
      <RangeTo>2</RangeTo>
      <Function>max(var(7),var(41))</Function>
    </Variable>
    <Variable Id="90">
      <Name>Relay</Name>
      <RangeFrom>0</RangeFrom>
      <RangeTo>2</RangeTo>
      <Function>max(var(10),var(44))</Function>
    </Variable>
    <Variable Id="91">
      <Name>lin-3</Name>
      <RangeFrom>0</RangeFrom>
      <RangeTo>2</RangeTo>
      <Function>2 - var(92)</Function>
    </Variable>
    <Variable Id="92">
      <Name>lin-15</Name>
      <RangeFrom>0</RangeFrom>
      <RangeTo>2</RangeTo>
      <Function>2</Function>
    </Variable>
    <Variable Id="93">
      <Name>LSext</Name>
      <RangeFrom>0</RangeFrom>
      <RangeTo>2</RangeTo>
      <Function>max(var(31),0)</Function>
    </Variable>
    <Variable Id="94">
      <Name>Relay</Name>
      <RangeFrom>0</RangeFrom>
      <RangeTo>2</RangeTo>
      <Function>max(var(34),0)</Function>
    </Variable>
    <Variable Id="95">
      <Name>AC</Name>
      <RangeFrom>0</RangeFrom>
      <RangeTo>0</RangeTo>
      <Function></Function>
    </Variable>
  </Variables>
  <Relationships>
    <Relationship Id="1">
      <FromVariableId>1</FromVariableId>
      <ToVariableId>3</ToVariableId>
      <Type>Activator</Type>
    </Relationship>
    <Relationship Id="2">
      <FromVariableId>3</FromVariableId>
      <ToVariableId>4</ToVariableId>
      <Type>Activator</Type>
    </Relationship>
    <Relationship Id="3">
      <FromVariableId>4</FromVariableId>
      <ToVariableId>5</ToVariableId>
      <Type>Activator</Type>
    </Relationship>
    <Relationship Id="4">
      <FromVariableId>5</FromVariableId>
      <ToVariableId>6</ToVariableId>
      <Type>Activator</Type>
    </Relationship>
    <Relationship Id="5">
      <FromVariableId>6</FromVariableId>
      <ToVariableId>7</ToVariableId>
      <Type>Activator</Type>
    </Relationship>
    <Relationship Id="6">
      <FromVariableId>8</FromVariableId>
      <ToVariableId>7</ToVariableId>
      <Type>Activator</Type>
    </Relationship>
    <Relationship Id="7">
      <FromVariableId>2</FromVariableId>
      <ToVariableId>9</ToVariableId>
      <Type>Activator</Type>
    </Relationship>
    <Relationship Id="8">
      <FromVariableId>3</FromVariableId>
      <ToVariableId>9</ToVariableId>
      <Type>Inhibitor</Type>
    </Relationship>
    <Relationship Id="9">
      <FromVariableId>9</FromVariableId>
      <ToVariableId>4</ToVariableId>
      <Type>Inhibitor</Type>
    </Relationship>
    <Relationship Id="10">
      <FromVariableId>9</FromVariableId>
      <ToVariableId>5</ToVariableId>
      <Type>Inhibitor</Type>
    </Relationship>
    <Relationship Id="11">
      <FromVariableId>9</FromVariableId>
      <ToVariableId>6</ToVariableId>
      <Type>Inhibitor</Type>
    </Relationship>
    <Relationship Id="12">
      <FromVariableId>9</FromVariableId>
      <ToVariableId>8</ToVariableId>
      <Type>Inhibitor</Type>
    </Relationship>
    <Relationship Id="13">
      <FromVariableId>7</FromVariableId>
      <ToVariableId>2</ToVariableId>
      <Type>Inhibitor</Type>
    </Relationship>
    <Relationship Id="14">
      <FromVariableId>7</FromVariableId>
      <ToVariableId>10</ToVariableId>
      <Type>Activator</Type>
    </Relationship>
    <Relationship Id="15">
      <FromVariableId>1</FromVariableId>
      <ToVariableId>10</ToVariableId>
      <Type>Activator</Type>
    </Relationship>
    <Relationship Id="30">
      <FromVariableId>22</FromVariableId>
      <ToVariableId>21</ToVariableId>
      <Type>Inhibitor</Type>
    </Relationship>
    <Relationship Id="31">
      <FromVariableId>25</FromVariableId>
      <ToVariableId>27</ToVariableId>
      <Type>Activator</Type>
    </Relationship>
    <Relationship Id="32">
      <FromVariableId>27</FromVariableId>
      <ToVariableId>28</ToVariableId>
      <Type>Activator</Type>
    </Relationship>
    <Relationship Id="33">
      <FromVariableId>28</FromVariableId>
      <ToVariableId>29</ToVariableId>
      <Type>Activator</Type>
    </Relationship>
    <Relationship Id="34">
      <FromVariableId>29</FromVariableId>
      <ToVariableId>30</ToVariableId>
      <Type>Activator</Type>
    </Relationship>
    <Relationship Id="35">
      <FromVariableId>30</FromVariableId>
      <ToVariableId>31</ToVariableId>
      <Type>Activator</Type>
    </Relationship>
    <Relationship Id="36">
      <FromVariableId>32</FromVariableId>
      <ToVariableId>31</ToVariableId>
      <Type>Activator</Type>
    </Relationship>
    <Relationship Id="37">
      <FromVariableId>26</FromVariableId>
      <ToVariableId>33</ToVariableId>
      <Type>Activator</Type>
    </Relationship>
    <Relationship Id="38">
      <FromVariableId>27</FromVariableId>
      <ToVariableId>33</ToVariableId>
      <Type>Inhibitor</Type>
    </Relationship>
    <Relationship Id="39">
      <FromVariableId>33</FromVariableId>
      <ToVariableId>28</ToVariableId>
      <Type>Inhibitor</Type>
    </Relationship>
    <Relationship Id="40">
      <FromVariableId>33</FromVariableId>
      <ToVariableId>29</ToVariableId>
      <Type>Inhibitor</Type>
    </Relationship>
    <Relationship Id="41">
      <FromVariableId>33</FromVariableId>
      <ToVariableId>30</ToVariableId>
      <Type>Inhibitor</Type>
    </Relationship>
    <Relationship Id="42">
      <FromVariableId>33</FromVariableId>
      <ToVariableId>32</ToVariableId>
      <Type>Inhibitor</Type>
    </Relationship>
    <Relationship Id="43">
      <FromVariableId>31</FromVariableId>
      <ToVariableId>26</ToVariableId>
      <Type>Inhibitor</Type>
    </Relationship>
    <Relationship Id="44">
      <FromVariableId>31</FromVariableId>
      <ToVariableId>34</ToVariableId>
      <Type>Activator</Type>
    </Relationship>
    <Relationship Id="45">
      <FromVariableId>25</FromVariableId>
      <ToVariableId>34</ToVariableId>
      <Type>Activator</Type>
    </Relationship>
    <Relationship Id="46">
      <FromVariableId>35</FromVariableId>
      <ToVariableId>37</ToVariableId>
      <Type>Activator</Type>
    </Relationship>
    <Relationship Id="47">
      <FromVariableId>37</FromVariableId>
      <ToVariableId>38</ToVariableId>
      <Type>Activator</Type>
    </Relationship>
    <Relationship Id="48">
      <FromVariableId>38</FromVariableId>
      <ToVariableId>39</ToVariableId>
      <Type>Activator</Type>
    </Relationship>
    <Relationship Id="49">
      <FromVariableId>39</FromVariableId>
      <ToVariableId>40</ToVariableId>
      <Type>Activator</Type>
    </Relationship>
    <Relationship Id="50">
      <FromVariableId>40</FromVariableId>
      <ToVariableId>41</ToVariableId>
      <Type>Activator</Type>
    </Relationship>
    <Relationship Id="51">
      <FromVariableId>42</FromVariableId>
      <ToVariableId>41</ToVariableId>
      <Type>Activator</Type>
    </Relationship>
    <Relationship Id="52">
      <FromVariableId>36</FromVariableId>
      <ToVariableId>43</ToVariableId>
      <Type>Activator</Type>
    </Relationship>
    <Relationship Id="53">
      <FromVariableId>37</FromVariableId>
      <ToVariableId>43</ToVariableId>
      <Type>Inhibitor</Type>
    </Relationship>
    <Relationship Id="54">
      <FromVariableId>43</FromVariableId>
      <ToVariableId>38</ToVariableId>
      <Type>Inhibitor</Type>
    </Relationship>
    <Relationship Id="55">
      <FromVariableId>43</FromVariableId>
      <ToVariableId>39</ToVariableId>
      <Type>Inhibitor</Type>
    </Relationship>
    <Relationship Id="56">
      <FromVariableId>43</FromVariableId>
      <ToVariableId>40</ToVariableId>
      <Type>Inhibitor</Type>
    </Relationship>
    <Relationship Id="57">
      <FromVariableId>43</FromVariableId>
      <ToVariableId>42</ToVariableId>
      <Type>Inhibitor</Type>
    </Relationship>
    <Relationship Id="58">
      <FromVariableId>41</FromVariableId>
      <ToVariableId>36</ToVariableId>
      <Type>Inhibitor</Type>
    </Relationship>
    <Relationship Id="59">
      <FromVariableId>41</FromVariableId>
      <ToVariableId>44</ToVariableId>
      <Type>Activator</Type>
    </Relationship>
    <Relationship Id="60">
      <FromVariableId>35</FromVariableId>
      <ToVariableId>44</ToVariableId>
      <Type>Activator</Type>
    </Relationship>
    <Relationship Id="61">
      <FromVariableId>45</FromVariableId>
      <ToVariableId>47</ToVariableId>
      <Type>Activator</Type>
    </Relationship>
    <Relationship Id="62">
      <FromVariableId>47</FromVariableId>
      <ToVariableId>48</ToVariableId>
      <Type>Activator</Type>
    </Relationship>
    <Relationship Id="63">
      <FromVariableId>48</FromVariableId>
      <ToVariableId>49</ToVariableId>
      <Type>Activator</Type>
    </Relationship>
    <Relationship Id="64">
      <FromVariableId>49</FromVariableId>
      <ToVariableId>50</ToVariableId>
      <Type>Activator</Type>
    </Relationship>
    <Relationship Id="65">
      <FromVariableId>50</FromVariableId>
      <ToVariableId>51</ToVariableId>
      <Type>Activator</Type>
    </Relationship>
    <Relationship Id="66">
      <FromVariableId>52</FromVariableId>
      <ToVariableId>51</ToVariableId>
      <Type>Activator</Type>
    </Relationship>
    <Relationship Id="67">
      <FromVariableId>46</FromVariableId>
      <ToVariableId>53</ToVariableId>
      <Type>Activator</Type>
    </Relationship>
    <Relationship Id="68">
      <FromVariableId>47</FromVariableId>
      <ToVariableId>53</ToVariableId>
      <Type>Inhibitor</Type>
    </Relationship>
    <Relationship Id="69">
      <FromVariableId>53</FromVariableId>
      <ToVariableId>48</ToVariableId>
      <Type>Inhibitor</Type>
    </Relationship>
    <Relationship Id="70">
      <FromVariableId>53</FromVariableId>
      <ToVariableId>49</ToVariableId>
      <Type>Inhibitor</Type>
    </Relationship>
    <Relationship Id="71">
      <FromVariableId>53</FromVariableId>
      <ToVariableId>50</ToVariableId>
      <Type>Inhibitor</Type>
    </Relationship>
    <Relationship Id="72">
      <FromVariableId>53</FromVariableId>
      <ToVariableId>52</ToVariableId>
      <Type>Inhibitor</Type>
    </Relationship>
    <Relationship Id="73">
      <FromVariableId>51</FromVariableId>
      <ToVariableId>46</ToVariableId>
      <Type>Inhibitor</Type>
    </Relationship>
    <Relationship Id="74">
      <FromVariableId>51</FromVariableId>
      <ToVariableId>54</ToVariableId>
      <Type>Activator</Type>
    </Relationship>
    <Relationship Id="75">
      <FromVariableId>45</FromVariableId>
      <ToVariableId>54</ToVariableId>
      <Type>Activator</Type>
    </Relationship>
    <Relationship Id="76">
      <FromVariableId>55</FromVariableId>
      <ToVariableId>57</ToVariableId>
      <Type>Activator</Type>
    </Relationship>
    <Relationship Id="77">
      <FromVariableId>57</FromVariableId>
      <ToVariableId>58</ToVariableId>
      <Type>Activator</Type>
    </Relationship>
    <Relationship Id="78">
      <FromVariableId>58</FromVariableId>
      <ToVariableId>59</ToVariableId>
      <Type>Activator</Type>
    </Relationship>
    <Relationship Id="79">
      <FromVariableId>59</FromVariableId>
      <ToVariableId>60</ToVariableId>
      <Type>Activator</Type>
    </Relationship>
    <Relationship Id="80">
      <FromVariableId>60</FromVariableId>
      <ToVariableId>61</ToVariableId>
      <Type>Activator</Type>
    </Relationship>
    <Relationship Id="81">
      <FromVariableId>62</FromVariableId>
      <ToVariableId>61</ToVariableId>
      <Type>Activator</Type>
    </Relationship>
    <Relationship Id="82">
      <FromVariableId>56</FromVariableId>
      <ToVariableId>63</ToVariableId>
      <Type>Activator</Type>
    </Relationship>
    <Relationship Id="83">
      <FromVariableId>57</FromVariableId>
      <ToVariableId>63</ToVariableId>
      <Type>Inhibitor</Type>
    </Relationship>
    <Relationship Id="84">
      <FromVariableId>63</FromVariableId>
      <ToVariableId>58</ToVariableId>
      <Type>Inhibitor</Type>
    </Relationship>
    <Relationship Id="85">
      <FromVariableId>63</FromVariableId>
      <ToVariableId>59</ToVariableId>
      <Type>Inhibitor</Type>
    </Relationship>
    <Relationship Id="86">
      <FromVariableId>63</FromVariableId>
      <ToVariableId>60</ToVariableId>
      <Type>Inhibitor</Type>
    </Relationship>
    <Relationship Id="87">
      <FromVariableId>63</FromVariableId>
      <ToVariableId>62</ToVariableId>
      <Type>Inhibitor</Type>
    </Relationship>
    <Relationship Id="88">
      <FromVariableId>61</FromVariableId>
      <ToVariableId>56</ToVariableId>
      <Type>Inhibitor</Type>
    </Relationship>
    <Relationship Id="89">
      <FromVariableId>61</FromVariableId>
      <ToVariableId>64</ToVariableId>
      <Type>Activator</Type>
    </Relationship>
    <Relationship Id="90">
      <FromVariableId>55</FromVariableId>
      <ToVariableId>64</ToVariableId>
      <Type>Activator</Type>
    </Relationship>
    <Relationship Id="91">
      <FromVariableId>65</FromVariableId>
      <ToVariableId>67</ToVariableId>
      <Type>Activator</Type>
    </Relationship>
    <Relationship Id="92">
      <FromVariableId>67</FromVariableId>
      <ToVariableId>68</ToVariableId>
      <Type>Activator</Type>
    </Relationship>
    <Relationship Id="93">
      <FromVariableId>68</FromVariableId>
      <ToVariableId>69</ToVariableId>
      <Type>Activator</Type>
    </Relationship>
    <Relationship Id="94">
      <FromVariableId>69</FromVariableId>
      <ToVariableId>70</ToVariableId>
      <Type>Activator</Type>
    </Relationship>
    <Relationship Id="95">
      <FromVariableId>70</FromVariableId>
      <ToVariableId>71</ToVariableId>
      <Type>Activator</Type>
    </Relationship>
    <Relationship Id="96">
      <FromVariableId>72</FromVariableId>
      <ToVariableId>71</ToVariableId>
      <Type>Activator</Type>
    </Relationship>
    <Relationship Id="97">
      <FromVariableId>66</FromVariableId>
      <ToVariableId>73</ToVariableId>
      <Type>Activator</Type>
    </Relationship>
    <Relationship Id="98">
      <FromVariableId>67</FromVariableId>
      <ToVariableId>73</ToVariableId>
      <Type>Inhibitor</Type>
    </Relationship>
    <Relationship Id="99">
      <FromVariableId>73</FromVariableId>
      <ToVariableId>68</ToVariableId>
      <Type>Inhibitor</Type>
    </Relationship>
    <Relationship Id="100">
      <FromVariableId>73</FromVariableId>
      <ToVariableId>69</ToVariableId>
      <Type>Inhibitor</Type>
    </Relationship>
    <Relationship Id="101">
      <FromVariableId>73</FromVariableId>
      <ToVariableId>70</ToVariableId>
      <Type>Inhibitor</Type>
    </Relationship>
    <Relationship Id="102">
      <FromVariableId>73</FromVariableId>
      <ToVariableId>72</ToVariableId>
      <Type>Inhibitor</Type>
    </Relationship>
    <Relationship Id="103">
      <FromVariableId>71</FromVariableId>
      <ToVariableId>66</ToVariableId>
      <Type>Inhibitor</Type>
    </Relationship>
    <Relationship Id="104">
      <FromVariableId>71</FromVariableId>
      <ToVariableId>74</ToVariableId>
      <Type>Activator</Type>
    </Relationship>
    <Relationship Id="105">
      <FromVariableId>65</FromVariableId>
      <ToVariableId>74</ToVariableId>
      <Type>Activator</Type>
    </Relationship>
    <Relationship Id="106">
      <FromVariableId>76</FromVariableId>
      <ToVariableId>75</ToVariableId>
      <Type>Inhibitor</Type>
    </Relationship>
    <Relationship Id="107">
      <FromVariableId>80</FromVariableId>
      <ToVariableId>79</ToVariableId>
      <Type>Inhibitor</Type>
    </Relationship>
    <Relationship Id="108">
      <FromVariableId>84</FromVariableId>
      <ToVariableId>83</ToVariableId>
      <Type>Inhibitor</Type>
    </Relationship>
    <Relationship Id="109">
      <FromVariableId>88</FromVariableId>
      <ToVariableId>87</ToVariableId>
      <Type>Inhibitor</Type>
    </Relationship>
    <Relationship Id="110">
      <FromVariableId>92</FromVariableId>
      <ToVariableId>91</ToVariableId>
      <Type>Inhibitor</Type>
    </Relationship>
    <Relationship Id="111">
      <FromVariableId>24</FromVariableId>
      <ToVariableId>8</ToVariableId>
      <Type>Activator</Type>
    </Relationship>
    <Relationship Id="112">
      <FromVariableId>23</FromVariableId>
      <ToVariableId>2</ToVariableId>
      <Type>Activator</Type>
    </Relationship>
    <Relationship Id="113">
      <FromVariableId>21</FromVariableId>
      <ToVariableId>3</ToVariableId>
      <Type>Activator</Type>
    </Relationship>
    <Relationship Id="114">
      <FromVariableId>78</FromVariableId>
      <ToVariableId>52</ToVariableId>
      <Type>Activator</Type>
    </Relationship>
    <Relationship Id="115">
      <FromVariableId>75</FromVariableId>
      <ToVariableId>47</ToVariableId>
      <Type>Activator</Type>
    </Relationship>
    <Relationship Id="116">
      <FromVariableId>77</FromVariableId>
      <ToVariableId>46</ToVariableId>
      <Type>Activator</Type>
    </Relationship>
    <Relationship Id="117">
      <FromVariableId>82</FromVariableId>
      <ToVariableId>62</ToVariableId>
      <Type>Activator</Type>
    </Relationship>
    <Relationship Id="118">
      <FromVariableId>79</FromVariableId>
      <ToVariableId>57</ToVariableId>
      <Type>Activator</Type>
    </Relationship>
    <Relationship Id="119">
      <FromVariableId>81</FromVariableId>
      <ToVariableId>56</ToVariableId>
      <Type>Activator</Type>
    </Relationship>
    <Relationship Id="120">
      <FromVariableId>86</FromVariableId>
      <ToVariableId>72</ToVariableId>
      <Type>Activator</Type>
    </Relationship>
    <Relationship Id="121">
      <FromVariableId>83</FromVariableId>
      <ToVariableId>67</ToVariableId>
      <Type>Activator</Type>
    </Relationship>
    <Relationship Id="122">
      <FromVariableId>85</FromVariableId>
      <ToVariableId>66</ToVariableId>
      <Type>Activator</Type>
    </Relationship>
    <Relationship Id="123">
      <FromVariableId>90</FromVariableId>
      <ToVariableId>32</ToVariableId>
      <Type>Activator</Type>
    </Relationship>
    <Relationship Id="124">
      <FromVariableId>87</FromVariableId>
      <ToVariableId>27</ToVariableId>
      <Type>Activator</Type>
    </Relationship>
    <Relationship Id="125">
      <FromVariableId>89</FromVariableId>
      <ToVariableId>26</ToVariableId>
      <Type>Activator</Type>
    </Relationship>
    <Relationship Id="126">
      <FromVariableId>94</FromVariableId>
      <ToVariableId>42</ToVariableId>
      <Type>Activator</Type>
    </Relationship>
    <Relationship Id="127">
      <FromVariableId>91</FromVariableId>
      <ToVariableId>37</ToVariableId>
      <Type>Activator</Type>
    </Relationship>
    <Relationship Id="128">
      <FromVariableId>93</FromVariableId>
      <ToVariableId>36</ToVariableId>
      <Type>Activator</Type>
    </Relationship>
    <Relationship Id="129">
      <FromVariableId>64</FromVariableId>
      <ToVariableId>86</ToVariableId>
      <Type>Activator</Type>
    </Relationship>
    <Relationship Id="130">
      <FromVariableId>61</FromVariableId>
      <ToVariableId>85</ToVariableId>
      <Type>Activator</Type>
    </Relationship>
    <Relationship Id="131">
      <FromVariableId>71</FromVariableId>
      <ToVariableId>81</ToVariableId>
      <Type>Activator</Type>
    </Relationship>
    <Relationship Id="132">
      <FromVariableId>74</FromVariableId>
      <ToVariableId>82</ToVariableId>
      <Type>Activator</Type>
    </Relationship>
    <Relationship Id="133">
      <FromVariableId>64</FromVariableId>
      <ToVariableId>78</ToVariableId>
      <Type>Activator</Type>
    </Relationship>
    <Relationship Id="134">
      <FromVariableId>61</FromVariableId>
      <ToVariableId>77</ToVariableId>
      <Type>Activator</Type>
    </Relationship>
    <Relationship Id="135">
      <FromVariableId>51</FromVariableId>
      <ToVariableId>81</ToVariableId>
      <Type>Activator</Type>
    </Relationship>
    <Relationship Id="136">
      <FromVariableId>54</FromVariableId>
      <ToVariableId>82</ToVariableId>
      <Type>Activator</Type>
    </Relationship>
    <Relationship Id="137">
      <FromVariableId>51</FromVariableId>
      <ToVariableId>23</ToVariableId>
      <Type>Activator</Type>
    </Relationship>
    <Relationship Id="138">
      <FromVariableId>54</FromVariableId>
      <ToVariableId>24</ToVariableId>
      <Type>Activator</Type>
    </Relationship>
    <Relationship Id="139">
      <FromVariableId>7</FromVariableId>
      <ToVariableId>77</ToVariableId>
      <Type>Activator</Type>
    </Relationship>
    <Relationship Id="140">
      <FromVariableId>10</FromVariableId>
      <ToVariableId>78</ToVariableId>
      <Type>Activator</Type>
    </Relationship>
    <Relationship Id="141">
      <FromVariableId>7</FromVariableId>
      <ToVariableId>89</ToVariableId>
      <Type>Activator</Type>
    </Relationship>
    <Relationship Id="142">
      <FromVariableId>10</FromVariableId>
      <ToVariableId>90</ToVariableId>
      <Type>Activator</Type>
    </Relationship>
    <Relationship Id="143">
      <FromVariableId>31</FromVariableId>
      <ToVariableId>23</ToVariableId>
      <Type>Activator</Type>
    </Relationship>
    <Relationship Id="144">
      <FromVariableId>34</FromVariableId>
      <ToVariableId>24</ToVariableId>
      <Type>Activator</Type>
    </Relationship>
    <Relationship Id="145">
      <FromVariableId>31</FromVariableId>
      <ToVariableId>93</ToVariableId>
      <Type>Activator</Type>
    </Relationship>
    <Relationship Id="146">
      <FromVariableId>34</FromVariableId>
      <ToVariableId>94</ToVariableId>
      <Type>Activator</Type>
    </Relationship>
    <Relationship Id="147">
      <FromVariableId>41</FromVariableId>
      <ToVariableId>89</ToVariableId>
      <Type>Activator</Type>
    </Relationship>
    <Relationship Id="148">
      <FromVariableId>44</FromVariableId>
      <ToVariableId>90</ToVariableId>
      <Type>Activator</Type>
    </Relationship>
    <Relationship Id="149">
      <FromVariableId>95</FromVariableId>
      <ToVariableId>1</ToVariableId>
      <Type>Activator</Type>
    </Relationship>
    <Relationship Id="150">
      <FromVariableId>95</FromVariableId>
      <ToVariableId>45</ToVariableId>
      <Type>Activator</Type>
    </Relationship>
    <Relationship Id="151">
      <FromVariableId>95</FromVariableId>
      <ToVariableId>55</ToVariableId>
      <Type>Activator</Type>
    </Relationship>
    <Relationship Id="152">
      <FromVariableId>95</FromVariableId>
      <ToVariableId>65</ToVariableId>
      <Type>Activator</Type>
    </Relationship>
    <Relationship Id="153">
      <FromVariableId>95</FromVariableId>
      <ToVariableId>25</ToVariableId>
      <Type>Activator</Type>
    </Relationship>
    <Relationship Id="154">
      <FromVariableId>95</FromVariableId>
      <ToVariableId>35</ToVariableId>
      <Type>Activator</Type>
    </Relationship>
  </Relationships>
</AnalysisInput>