<?xml version="1.0" encoding="utf-8"?>
<AnalysisInput>
  <Variables>
    <Variable Id="1">
      <Name>Scl</Name>
      <RangeFrom>0</RangeFrom>
      <RangeTo>3</RangeTo>
      <Function>ceil((var(15)* 3 + var(10)*2 + var(3)*2 + var(16)*2 + var(18)*2 + var(36)*2 + var(25)*2 + var(28) + var(7) - var(30) + var(39) + var(38))/ (63))</Function>
    </Variable>
    <Variable Id="2">
      <Name>Lyl1</Name>
      <RangeFrom>0</RangeFrom>
      <RangeTo>3</RangeTo>
      <Function>ceil((var(15)*2 + var(18)*2 + var(23)*4 + var(37)*4 + var(25)*2 + var(10) * 4 - var(34) * 4 - var(38)) / (54))</Function>
<!--       <Function>ceil((var(15)*2 + var(18)*2 + var(23)*4 + var(37)*4 + var(25)*2 + var(10)*4 - var(34)*4 - var(38)) / (54))</Function> -->



    </Variable>
    <Variable Id="3">
      <Name>Ebox</Name>
      <RangeFrom>0</RangeFrom>
      <RangeTo>3</RangeTo>
      <Function>min(3, var(1) + var(2))</Function>
    </Variable>
    <Variable Id="4">
      <Name>Erg</Name>
      <RangeFrom>0</RangeFrom>
      <RangeTo>3</RangeTo>
      <Function>ceil((var(3)*2 + var(16)*2 + var(15)*2 + var(18)*2 + var(23)*2 + var(36)*2 + var(Runx1Gata2)*2 + var(28)*3 + var(7)* 3 + var(35) – var(30)*3)/60)</Function>
    </Variable>
    <Variable Id="5">
      <Name>Fli1</Name>
      <RangeFrom>0</RangeFrom>
      <RangeTo>3</RangeTo>
      <Function>ceil((var(15)*3 + var(18)*3 + var(23)*3 + var(24) + var(7)* 11 – var(30)*2 + var(39) + var(38))/69)</Function>
    </Variable>
    <Variable Id="6">
      <Name>Pu.1</Name>
      <RangeFrom>0</RangeFrom>
      <RangeTo>3</RangeTo>
      <Function>ceil((var(1)*2 + var(15)*2 + var(4)*3 + var(19) + var(21) + var(24)*3 + var(10)*3 – var(30)*2 – var(34)*3 – var(38))/45)</Function>
    </Variable>
    <Variable Id="7">
      <Name>EtsA</Name>
      <RangeFrom>0</RangeFrom>
      <RangeTo>3</RangeTo>
      <Function>min(3, var(4) + Fli1)</Function>
    </Variable>
    <Variable Id="8">
      <Name>EtsB</Name>
      <RangeFrom>0</RangeFrom>
      <RangeTo>3</RangeTo>
      <Function>min(3, var(4) + var(6))</Function>
    </Variable>
    <Variable Id="9">
      <Name>EtsC</Name>
      <RangeFrom>0</RangeFrom>
      <RangeTo>3</RangeTo>
      <Function>min(3, var(5) + var(6))</Function>
    </Variable>
    <Variable Id="10">
      <Name>Ets</Name>
      <RangeFrom>0</RangeFrom>
      <RangeTo>3</RangeTo>
      <Function>min(3, var(4)+var(5)+var(6))</Function>
    </Variable>
    <Variable Id="12">
      <Name>valEtsA</Name>
      <RangeFrom>0</RangeFrom>
      <RangeTo>3</RangeTo>
      <Function>var(4)+var(5)</Function>
    </Variable>
    <Variable Id="13">
      <Name>valEts</Name>
      <RangeFrom>0</RangeFrom>
      <RangeTo>3</RangeTo>
      <Function>var(4)+var(5)+var(6)</Function>
    </Variable>
    <Variable Id="24">
      <Name>Runx1</Name>
      <RangeFrom>0</RangeFrom>
      <RangeTo>3</RangeTo>
      <Function>ceil((var(3) + var(16) + var(15) + var(18) + var(23) + var(24) + var(10)*5 – var(34)*5 + var(35) – var(40) + var(38))/ 54)</Function>
    </Variable>
    <Variable Id="25">
      <Name>Runx1Gata2</Name>
      <RangeFrom>0</RangeFrom>
      <RangeTo>3</RangeTo>
      <Function>var(24)*var(15)*(1/3)</Function>
    </Variable>
    <Variable Id="26">
      <Name>Runx1Scl</Name>
      <RangeFrom>0</RangeFrom>
      <RangeTo>3</RangeTo>
      <Function>var(24)*var(1)*(1/3)</Function>
    </Variable>
    <Variable Id="27">
      <Name>Runx1Erg</Name>
      <RangeFrom>0</RangeFrom>
      <RangeTo>3</RangeTo>
      <Function>var(24)*var(4)*(1/3)</Function>
    </Variable>
    <Variable Id="28">
      <Name>Runx1EtsA</Name>
      <RangeFrom>0</RangeFrom>
      <RangeTo>3</RangeTo>
      <Function>var(24)*var(7)*(1/3)</Function>
    </Variable>
    <Variable Id="29">
      <Name>Runx1Fli1</Name>
      <RangeFrom>0</RangeFrom>
      <RangeTo>3</RangeTo>
      <Function>var(24)*var(5)*(1/3)</Function>
    </Variable>
    <Variable Id="36">
      <Name>Runx1Ebox</Name>
      <RangeFrom>0</RangeFrom>
      <RangeTo>3</RangeTo>
      <Function>var(24)*var(3)*(1/3)</Function>
    </Variable>
    <Variable Id="37">
      <Name>Runx1Ets/A</Name>
      <RangeFrom>0</RangeFrom>
      <RangeTo>3</RangeTo>
      <Function>var(24)*min((var(12)/var(13)*3), var(7))*(1/3)</Function>
    </Variable>
    <Variable Id="35">
      <Name>Meis1</Name>
      <RangeFrom>0</RangeFrom>
      <RangeTo>3</RangeTo>
      <Function>ceil((var(15)*3 + var(18)*3 + var(23)*3 + var(25)*3 + var(37)*6 + var(10)*6 + var(35) – var(30))/75)</Function>
    </Variable>
    <Variable Id="15">
      <Name>Gata2</Name>
      <RangeFrom>0</RangeFrom>
      <RangeTo>3</RangeTo>
      <Function>ceil((var(3)*2 + var(16)*2 + var(15)*4 + var(18)*4 + var(24)*3 + var(10)*7 + var(35)*2 – var(30) + var(39) – var(38))/75)</Function>
    </Variable>
    <Variable Id="21">
      <Name>Gata2Lmo2Scl</Name>
      <RangeFrom>0</RangeFrom>
      <RangeTo>3</RangeTo>
      <Function>var(15)*var(17)*var(1)*(1/9)</Function>
    </Variable>
    <Variable Id="22">
      <Name>Gata2Lmo2Lyl1</Name>
      <RangeFrom>0</RangeFrom>
      <RangeTo>3</RangeTo>
      <Function>var(15)*var(17)*var(2)*(1/9)</Function>
    </Variable>
    <Variable Id="23">
      <Name>Gata2Lmo2Ebox</Name>
      <RangeFrom>0</RangeFrom>
      <RangeTo>3</RangeTo>
      <Function>var(15)*var(17)*var(3)*(1/9)</Function>
    </Variable>
    <Variable Id="16">
      <Name>EboxLmo2</Name>
      <RangeFrom>0</RangeFrom>
      <RangeTo>3</RangeTo>
      <Function>var(3)*var(17)*(1/3)</Function>
    </Variable>
    <Variable Id="17">
      <Name>Lmo2</Name>
      <RangeFrom>0</RangeFrom>
      <RangeTo>3</RangeTo>
      <Function>ceil((var(15)*4 + var(18)*4 + var(23)*2 + var(36) + var(25)*2 + var(28)*4 + var(4)* 7 + var(7)*6 + var(35)*4 + var(24)*2 + var(10)*4 + var(8) – var(32)*7 + var(38))/126)</Function>
    </Variable>
    <Variable Id="18">
      <Name>Gata2Lmo2</Name>
      <RangeFrom>0</RangeFrom>
      <RangeTo>3</RangeTo>
      <Function>var(15)*var(17)*(1/3)</Function>
    </Variable>
    <Variable Id="19">
      <Name>SclLmo2</Name>
      <RangeFrom>0</RangeFrom>
      <RangeTo>3</RangeTo>
      <Function>var(1)*var(17)*(1/3)</Function>
    </Variable>
    <Variable Id="20">
      <Name>Lyl1Lmo2</Name>
      <RangeFrom>0</RangeFrom>
      <RangeTo>3</RangeTo>
      <Function>var(2)*var(17)*(1/3)</Function>
    </Variable>
    <Variable Id="30">
      <Name>Gfi1b</Name>
      <RangeFrom>0</RangeFrom>
      <RangeTo>3</RangeTo>
      <Function>ceil((var(3)*3 + var(16)*3 + var(15)*2 + var(18)*2 + var(23)*2 + var(36)*3 + var(25)*2 + var(28)*7 + var(7)*7 – var(30)*2 + var(38))/96)</Function>
    </Variable>
    <Variable Id="31">
      <Name>Gfi1bFli1</Name>
      <RangeFrom>0</RangeFrom>
      <RangeTo>3</RangeTo>
      <Function>var(30)*var(5)*(1/3)</Function>
    </Variable>
    <Variable Id="32">
      <Name>Gfi1bErg</Name>
      <RangeFrom>0</RangeFrom>
      <RangeTo>3</RangeTo>
      <Function>var(30)*var(4)*(1/3)</Function>
    </Variable>
    <Variable Id="33">
      <Name>Gfi1bPu.1</Name>
      <RangeFrom>0</RangeFrom>
      <RangeTo>3</RangeTo>
      <Function>var(30)*var(6)*(1/3)</Function>
    </Variable>
    <Variable Id="34">
      <Name>Gfi1bEts</Name>
      <RangeFrom>0</RangeFrom>
      <RangeTo>3</RangeTo>
      <Function>var(30)*var(10)*(1/3)</Function>
    </Variable>
    <Variable Id="38">
      <Name>Gata1</Name>
      <RangeFrom>0</RangeFrom>
      <RangeTo>3</RangeTo>
      <Function>ceil((var(1) + var(17) + var(24) + var(5) + var(38) – var(15) – var(6) – var(30))/ 15)</Function>
    </Variable>
    <Variable Id="39">
      <Name>Etv2</Name>
      <RangeFrom>0</RangeFrom>
      <RangeTo>3</RangeTo>
      <Function>1</Function>
    </Variable>
    <Variable Id="40">
      <Name>Hoxa3</Name>
      <RangeFrom>0</RangeFrom>
      <RangeTo>3</RangeTo>
      <Function>1</Function>
    </Variable>
  </Variables>
  <Relationships>
    <Relationship Id="1">
      <FromVariableId>1</FromVariableId>
      <ToVariableId>3</ToVariableId>
      <Type>Activator</Type>
    </Relationship>
    <Relationship Id="2">
      <FromVariableId>2</FromVariableId>
      <ToVariableId>3</ToVariableId>
      <Type>Activator</Type>
    </Relationship>
    <Relationship Id="65">
      <FromVariableId>3</FromVariableId>
      <ToVariableId>1</ToVariableId>
      <Type>Activator</Type>
    </Relationship>
    <Relationship Id="3">
      <FromVariableId>4</FromVariableId>
      <ToVariableId>7</ToVariableId>
      <Type>Activator</Type>
    </Relationship>
    <Relationship Id="4">
      <FromVariableId>5</FromVariableId>
      <ToVariableId>7</ToVariableId>
      <Type>Activator</Type>
    </Relationship>
    <Relationship Id="5">
      <FromVariableId>4</FromVariableId>
      <ToVariableId>8</ToVariableId>
      <Type>Activator</Type>
    </Relationship>
    <Relationship Id="6">
      <FromVariableId>6</FromVariableId>
      <ToVariableId>8</ToVariableId>
      <Type>Activator</Type>
    </Relationship>
    <Relationship Id="7">
      <FromVariableId>5</FromVariableId>
      <ToVariableId>9</ToVariableId>
      <Type>Activator</Type>
    </Relationship>
    <Relationship Id="8">
      <FromVariableId>6</FromVariableId>
      <ToVariableId>9</ToVariableId>
      <Type>Activator</Type>
    </Relationship>
    <Relationship Id="9">
      <FromVariableId>4</FromVariableId>
      <ToVariableId>10</ToVariableId>
      <Type>Activator</Type>
    </Relationship>
    <Relationship Id="10">
      <FromVariableId>5</FromVariableId>
      <ToVariableId>10</ToVariableId>
      <Type>Activator</Type>
    </Relationship>
    <Relationship Id="11">
      <FromVariableId>6</FromVariableId>
      <ToVariableId>10</ToVariableId>
      <Type>Activator</Type>
    </Relationship>
    <Relationship Id="15">
      <FromVariableId>4</FromVariableId>
      <ToVariableId>12</ToVariableId>
      <Type>Activator</Type>
    </Relationship>
    <Relationship Id="16">
      <FromVariableId>5</FromVariableId>
      <ToVariableId>12</ToVariableId>
      <Type>Activator</Type>
    </Relationship>
    <Relationship Id="18">
      <FromVariableId>4</FromVariableId>
      <ToVariableId>13</ToVariableId>
      <Type>Activator</Type>
    </Relationship>
    <Relationship Id="19">
      <FromVariableId>5</FromVariableId>
      <ToVariableId>13</ToVariableId>
      <Type>Activator</Type>
    </Relationship>
    <Relationship Id="20">
      <FromVariableId>6</FromVariableId>
      <ToVariableId>13</ToVariableId>
      <Type>Activator</Type>
    </Relationship>
    <Relationship Id="77">
      <FromVariableId>7</FromVariableId>
      <ToVariableId>5</ToVariableId>
      <Type>Activator</Type>
    </Relationship>
    <Relationship Id="94">
      <FromVariableId>7</FromVariableId>
      <ToVariableId>4</ToVariableId>
      <Type>Activator</Type>
    </Relationship>
    <Relationship Id="109">
      <FromVariableId>4</FromVariableId>
      <ToVariableId>6</ToVariableId>
      <Type>Activator</Type>
    </Relationship>
    <Relationship Id="113">
      <FromVariableId>10</FromVariableId>
      <ToVariableId>6</ToVariableId>
      <Type>Activator</Type>
    </Relationship>
    <Relationship Id="38">
      <FromVariableId>24</FromVariableId>
      <ToVariableId>25</ToVariableId>
      <Type>Activator</Type>
    </Relationship>
    <Relationship Id="39">
      <FromVariableId>24</FromVariableId>
      <ToVariableId>26</ToVariableId>
      <Type>Activator</Type>
    </Relationship>
    <Relationship Id="40">
      <FromVariableId>24</FromVariableId>
      <ToVariableId>28</ToVariableId>
      <Type>Activator</Type>
    </Relationship>
    <Relationship Id="41">
      <FromVariableId>24</FromVariableId>
      <ToVariableId>29</ToVariableId>
      <Type>Activator</Type>
    </Relationship>
    <Relationship Id="42">
      <FromVariableId>24</FromVariableId>
      <ToVariableId>27</ToVariableId>
      <Type>Activator</Type>
    </Relationship>
    <Relationship Id="57">
      <FromVariableId>24</FromVariableId>
      <ToVariableId>36</ToVariableId>
      <Type>Activator</Type>
    </Relationship>
    <Relationship Id="62">
      <FromVariableId>24</FromVariableId>
      <ToVariableId>37</ToVariableId>
      <Type>Activator</Type>
    </Relationship>
    <Relationship Id="103">
      <FromVariableId>24</FromVariableId>
      <ToVariableId>24</ToVariableId>
      <Type>Activator</Type>
    </Relationship>
    <Relationship Id="139">
      <FromVariableId>35</FromVariableId>
      <ToVariableId>35</ToVariableId>
      <Type>Activator</Type>
    </Relationship>
    <Relationship Id="29">
      <FromVariableId>15</FromVariableId>
      <ToVariableId>23</ToVariableId>
      <Type>Activator</Type>
    </Relationship>
    <Relationship Id="30">
      <FromVariableId>15</FromVariableId>
      <ToVariableId>21</ToVariableId>
      <Type>Activator</Type>
    </Relationship>
    <Relationship Id="31">
      <FromVariableId>15</FromVariableId>
      <ToVariableId>22</ToVariableId>
      <Type>Activator</Type>
    </Relationship>
    <Relationship Id="81">
      <FromVariableId>15</FromVariableId>
      <ToVariableId>15</ToVariableId>
      <Type>Activator</Type>
    </Relationship>
    <Relationship Id="21">
      <FromVariableId>17</FromVariableId>
      <ToVariableId>19</ToVariableId>
      <Type>Activator</Type>
    </Relationship>
    <Relationship Id="22">
      <FromVariableId>17</FromVariableId>
      <ToVariableId>16</ToVariableId>
      <Type>Activator</Type>
    </Relationship>
    <Relationship Id="23">
      <FromVariableId>17</FromVariableId>
      <ToVariableId>20</ToVariableId>
      <Type>Activator</Type>
    </Relationship>
    <Relationship Id="24">
      <FromVariableId>17</FromVariableId>
      <ToVariableId>18</ToVariableId>
      <Type>Activator</Type>
    </Relationship>
    <Relationship Id="142">
      <FromVariableId>18</FromVariableId>
      <ToVariableId>17</ToVariableId>
      <Type>Activator</Type>
    </Relationship>
    <Relationship Id="48">
      <FromVariableId>30</FromVariableId>
      <ToVariableId>31</ToVariableId>
      <Type>Activator</Type>
    </Relationship>
    <Relationship Id="49">
      <FromVariableId>30</FromVariableId>
      <ToVariableId>32</ToVariableId>
      <Type>Activator</Type>
    </Relationship>
    <Relationship Id="50">
      <FromVariableId>30</FromVariableId>
      <ToVariableId>33</ToVariableId>
      <Type>Activator</Type>
    </Relationship>
    <Relationship Id="51">
      <FromVariableId>30</FromVariableId>
      <ToVariableId>34</ToVariableId>
      <Type>Activator</Type>
    </Relationship>
    <Relationship Id="132">
      <FromVariableId>30</FromVariableId>
      <ToVariableId>30</ToVariableId>
      <Type>Inhibitor</Type>
    </Relationship>
    <Relationship Id="158">
      <FromVariableId>38</FromVariableId>
      <ToVariableId>38</ToVariableId>
      <Type>Activator</Type>
    </Relationship>
    <Relationship Id="25">
      <FromVariableId>15</FromVariableId>
      <ToVariableId>18</ToVariableId>
      <Type>Activator</Type>
    </Relationship>
    <Relationship Id="26">
      <FromVariableId>2</FromVariableId>
      <ToVariableId>20</ToVariableId>
      <Type>Activator</Type>
    </Relationship>
    <Relationship Id="27">
      <FromVariableId>3</FromVariableId>
      <ToVariableId>16</ToVariableId>
      <Type>Activator</Type>
    </Relationship>
    <Relationship Id="28">
      <FromVariableId>1</FromVariableId>
      <ToVariableId>19</ToVariableId>
      <Type>Activator</Type>
    </Relationship>
    <Relationship Id="32">
      <FromVariableId>17</FromVariableId>
      <ToVariableId>23</ToVariableId>
      <Type>Activator</Type>
    </Relationship>
    <Relationship Id="33">
      <FromVariableId>17</FromVariableId>
      <ToVariableId>21</ToVariableId>
      <Type>Activator</Type>
    </Relationship>
    <Relationship Id="34">
      <FromVariableId>17</FromVariableId>
      <ToVariableId>22</ToVariableId>
      <Type>Activator</Type>
    </Relationship>
    <Relationship Id="35">
      <FromVariableId>2</FromVariableId>
      <ToVariableId>22</ToVariableId>
      <Type>Activator</Type>
    </Relationship>
    <Relationship Id="36">
      <FromVariableId>3</FromVariableId>
      <ToVariableId>23</ToVariableId>
      <Type>Activator</Type>
    </Relationship>
    <Relationship Id="37">
      <FromVariableId>1</FromVariableId>
      <ToVariableId>21</ToVariableId>
      <Type>Activator</Type>
    </Relationship>
    <Relationship Id="43">
      <FromVariableId>15</FromVariableId>
      <ToVariableId>25</ToVariableId>
      <Type>Activator</Type>
    </Relationship>
    <Relationship Id="44">
      <FromVariableId>1</FromVariableId>
      <ToVariableId>26</ToVariableId>
      <Type>Activator</Type>
    </Relationship>
    <Relationship Id="45">
      <FromVariableId>7</FromVariableId>
      <ToVariableId>28</ToVariableId>
      <Type>Activator</Type>
    </Relationship>
    <Relationship Id="46">
      <FromVariableId>4</FromVariableId>
      <ToVariableId>27</ToVariableId>
      <Type>Activator</Type>
    </Relationship>
    <Relationship Id="47">
      <FromVariableId>5</FromVariableId>
      <ToVariableId>29</ToVariableId>
      <Type>Activator</Type>
    </Relationship>
    <Relationship Id="52">
      <FromVariableId>5</FromVariableId>
      <ToVariableId>31</ToVariableId>
      <Type>Activator</Type>
    </Relationship>
    <Relationship Id="53">
      <FromVariableId>6</FromVariableId>
      <ToVariableId>33</ToVariableId>
      <Type>Activator</Type>
    </Relationship>
    <Relationship Id="54">
      <FromVariableId>4</FromVariableId>
      <ToVariableId>32</ToVariableId>
      <Type>Activator</Type>
    </Relationship>
    <Relationship Id="55">
      <FromVariableId>10</FromVariableId>
      <ToVariableId>34</ToVariableId>
      <Type>Activator</Type>
    </Relationship>
    <Relationship Id="56">
      <FromVariableId>3</FromVariableId>
      <ToVariableId>36</ToVariableId>
      <Type>Activator</Type>
    </Relationship>
    <Relationship Id="58">
      <FromVariableId>10</FromVariableId>
      <ToVariableId>37</ToVariableId>
      <Type>Activator</Type>
    </Relationship>
    <Relationship Id="59">
      <FromVariableId>13</FromVariableId>
      <ToVariableId>37</ToVariableId>
      <Type>Activator</Type>
    </Relationship>
    <Relationship Id="60">
      <FromVariableId>12</FromVariableId>
      <ToVariableId>37</ToVariableId>
      <Type>Activator</Type>
    </Relationship>
    <Relationship Id="61">
      <FromVariableId>7</FromVariableId>
      <ToVariableId>37</ToVariableId>
      <Type>Activator</Type>
    </Relationship>
    <Relationship Id="63">
      <FromVariableId>15</FromVariableId>
      <ToVariableId>1</ToVariableId>
      <Type>Activator</Type>
    </Relationship>
    <Relationship Id="64">
      <FromVariableId>10</FromVariableId>
      <ToVariableId>1</ToVariableId>
      <Type>Activator</Type>
    </Relationship>
    <Relationship Id="66">
      <FromVariableId>16</FromVariableId>
      <ToVariableId>1</ToVariableId>
      <Type>Activator</Type>
    </Relationship>
    <Relationship Id="67">
      <FromVariableId>18</FromVariableId>
      <ToVariableId>1</ToVariableId>
      <Type>Activator</Type>
    </Relationship>
    <Relationship Id="68">
      <FromVariableId>36</FromVariableId>
      <ToVariableId>1</ToVariableId>
      <Type>Activator</Type>
    </Relationship>
    <Relationship Id="69">
      <FromVariableId>25</FromVariableId>
      <ToVariableId>1</ToVariableId>
      <Type>Activator</Type>
    </Relationship>
    <Relationship Id="70">
      <FromVariableId>28</FromVariableId>
      <ToVariableId>1</ToVariableId>
      <Type>Activator</Type>
    </Relationship>
    <Relationship Id="71">
      <FromVariableId>7</FromVariableId>
      <ToVariableId>1</ToVariableId>
      <Type>Activator</Type>
    </Relationship>
    <Relationship Id="72">
      <FromVariableId>30</FromVariableId>
      <ToVariableId>1</ToVariableId>
      <Type>Inhibitor</Type>
    </Relationship>
    <Relationship Id="73">
      <FromVariableId>15</FromVariableId>
      <ToVariableId>5</ToVariableId>
      <Type>Activator</Type>
    </Relationship>
    <Relationship Id="74">
      <FromVariableId>18</FromVariableId>
      <ToVariableId>5</ToVariableId>
      <Type>Activator</Type>
    </Relationship>
    <Relationship Id="75">
      <FromVariableId>23</FromVariableId>
      <ToVariableId>5</ToVariableId>
      <Type>Activator</Type>
    </Relationship>
    <Relationship Id="76">
      <FromVariableId>24</FromVariableId>
      <ToVariableId>5</ToVariableId>
      <Type>Activator</Type>
    </Relationship>
    <Relationship Id="79">
      <FromVariableId>3</FromVariableId>
      <ToVariableId>15</ToVariableId>
      <Type>Activator</Type>
    </Relationship>
    <Relationship Id="80">
      <FromVariableId>16</FromVariableId>
      <ToVariableId>15</ToVariableId>
      <Type>Activator</Type>
    </Relationship>
    <Relationship Id="82">
      <FromVariableId>18</FromVariableId>
      <ToVariableId>15</ToVariableId>
      <Type>Activator</Type>
    </Relationship>
    <Relationship Id="83">
      <FromVariableId>24</FromVariableId>
      <ToVariableId>15</ToVariableId>
      <Type>Activator</Type>
    </Relationship>
    <Relationship Id="84">
      <FromVariableId>10</FromVariableId>
      <ToVariableId>15</ToVariableId>
      <Type>Activator</Type>
    </Relationship>
    <Relationship Id="85">
      <FromVariableId>35</FromVariableId>
      <ToVariableId>15</ToVariableId>
      <Type>Activator</Type>
    </Relationship>
    <Relationship Id="86">
      <FromVariableId>30</FromVariableId>
      <ToVariableId>15</ToVariableId>
      <Type>Inhibitor</Type>
    </Relationship>
    <Relationship Id="87">
      <FromVariableId>3</FromVariableId>
      <ToVariableId>4</ToVariableId>
      <Type>Activator</Type>
    </Relationship>
    <Relationship Id="88">
      <FromVariableId>16</FromVariableId>
      <ToVariableId>4</ToVariableId>
      <Type>Activator</Type>
    </Relationship>
    <Relationship Id="89">
      <FromVariableId>15</FromVariableId>
      <ToVariableId>4</ToVariableId>
      <Type>Activator</Type>
    </Relationship>
    <Relationship Id="90">
      <FromVariableId>18</FromVariableId>
      <ToVariableId>4</ToVariableId>
      <Type>Activator</Type>
    </Relationship>
    <Relationship Id="91">
      <FromVariableId>23</FromVariableId>
      <ToVariableId>4</ToVariableId>
      <Type>Activator</Type>
    </Relationship>
    <Relationship Id="92">
      <FromVariableId>36</FromVariableId>
      <ToVariableId>4</ToVariableId>
      <Type>Activator</Type>
    </Relationship>
    <Relationship Id="93">
      <FromVariableId>28</FromVariableId>
      <ToVariableId>4</ToVariableId>
      <Type>Activator</Type>
    </Relationship>
    <Relationship Id="95">
      <FromVariableId>35</FromVariableId>
      <ToVariableId>4</ToVariableId>
      <Type>Activator</Type>
    </Relationship>
    <Relationship Id="96">
      <FromVariableId>30</FromVariableId>
      <ToVariableId>4</ToVariableId>
      <Type>Inhibitor</Type>
    </Relationship>
    <Relationship Id="97">
      <FromVariableId>30</FromVariableId>
      <ToVariableId>5</ToVariableId>
      <Type>Inhibitor</Type>
    </Relationship>
    <Relationship Id="98">
      <FromVariableId>3</FromVariableId>
      <ToVariableId>24</ToVariableId>
      <Type>Activator</Type>
    </Relationship>
    <Relationship Id="99">
      <FromVariableId>16</FromVariableId>
      <ToVariableId>24</ToVariableId>
      <Type>Activator</Type>
    </Relationship>
    <Relationship Id="100">
      <FromVariableId>15</FromVariableId>
      <ToVariableId>24</ToVariableId>
      <Type>Activator</Type>
    </Relationship>
    <Relationship Id="101">
      <FromVariableId>18</FromVariableId>
      <ToVariableId>24</ToVariableId>
      <Type>Activator</Type>
    </Relationship>
    <Relationship Id="102">
      <FromVariableId>23</FromVariableId>
      <ToVariableId>24</ToVariableId>
      <Type>Activator</Type>
    </Relationship>
    <Relationship Id="104">
      <FromVariableId>10</FromVariableId>
      <ToVariableId>24</ToVariableId>
      <Type>Activator</Type>
    </Relationship>
    <Relationship Id="105">
      <FromVariableId>35</FromVariableId>
      <ToVariableId>24</ToVariableId>
      <Type>Activator</Type>
    </Relationship>
    <Relationship Id="106">
      <FromVariableId>34</FromVariableId>
      <ToVariableId>24</ToVariableId>
      <Type>Inhibitor</Type>
    </Relationship>
    <Relationship Id="107">
      <FromVariableId>1</FromVariableId>
      <ToVariableId>6</ToVariableId>
      <Type>Activator</Type>
    </Relationship>
    <Relationship Id="108">
      <FromVariableId>15</FromVariableId>
      <ToVariableId>6</ToVariableId>
      <Type>Activator</Type>
    </Relationship>
    <Relationship Id="110">
      <FromVariableId>19</FromVariableId>
      <ToVariableId>6</ToVariableId>
      <Type>Activator</Type>
    </Relationship>
    <Relationship Id="111">
      <FromVariableId>21</FromVariableId>
      <ToVariableId>6</ToVariableId>
      <Type>Activator</Type>
    </Relationship>
    <Relationship Id="112">
      <FromVariableId>24</FromVariableId>
      <ToVariableId>6</ToVariableId>
      <Type>Activator</Type>
    </Relationship>
    <Relationship Id="114">
      <FromVariableId>30</FromVariableId>
      <ToVariableId>6</ToVariableId>
      <Type>Inhibitor</Type>
    </Relationship>
    <Relationship Id="115">
      <FromVariableId>34</FromVariableId>
      <ToVariableId>6</ToVariableId>
      <Type>Inhibitor</Type>
    </Relationship>
    <Relationship Id="116">
      <FromVariableId>34</FromVariableId>
      <ToVariableId>2</ToVariableId>
      <Type>Inhibitor</Type>
    </Relationship>
    <Relationship Id="117">
      <FromVariableId>15</FromVariableId>
      <ToVariableId>2</ToVariableId>
      <Type>Activator</Type>
    </Relationship>
    <Relationship Id="118">
      <FromVariableId>18</FromVariableId>
      <ToVariableId>2</ToVariableId>
      <Type>Activator</Type>
    </Relationship>
    <Relationship Id="119">
      <FromVariableId>23</FromVariableId>
      <ToVariableId>2</ToVariableId>
      <Type>Activator</Type>
    </Relationship>
    <Relationship Id="120">
      <FromVariableId>37</FromVariableId>
      <ToVariableId>2</ToVariableId>
      <Type>Activator</Type>
    </Relationship>
    <Relationship Id="121">
      <FromVariableId>25</FromVariableId>
      <ToVariableId>2</ToVariableId>
      <Type>Activator</Type>
    </Relationship>
    <Relationship Id="122">
      <FromVariableId>10</FromVariableId>
      <ToVariableId>2</ToVariableId>
      <Type>Activator</Type>
    </Relationship>
    <Relationship Id="123">
      <FromVariableId>3</FromVariableId>
      <ToVariableId>30</ToVariableId>
      <Type>Activator</Type>
    </Relationship>
    <Relationship Id="124">
      <FromVariableId>16</FromVariableId>
      <ToVariableId>30</ToVariableId>
      <Type>Activator</Type>
    </Relationship>
    <Relationship Id="125">
      <FromVariableId>15</FromVariableId>
      <ToVariableId>30</ToVariableId>
      <Type>Activator</Type>
    </Relationship>
    <Relationship Id="126">
      <FromVariableId>18</FromVariableId>
      <ToVariableId>30</ToVariableId>
      <Type>Activator</Type>
    </Relationship>
    <Relationship Id="127">
      <FromVariableId>23</FromVariableId>
      <ToVariableId>30</ToVariableId>
      <Type>Activator</Type>
    </Relationship>
    <Relationship Id="128">
      <FromVariableId>36</FromVariableId>
      <ToVariableId>30</ToVariableId>
      <Type>Activator</Type>
    </Relationship>
    <Relationship Id="129">
      <FromVariableId>25</FromVariableId>
      <ToVariableId>30</ToVariableId>
      <Type>Activator</Type>
    </Relationship>
    <Relationship Id="130">
      <FromVariableId>28</FromVariableId>
      <ToVariableId>30</ToVariableId>
      <Type>Activator</Type>
    </Relationship>
    <Relationship Id="131">
      <FromVariableId>7</FromVariableId>
      <ToVariableId>30</ToVariableId>
      <Type>Activator</Type>
    </Relationship>
    <Relationship Id="133">
      <FromVariableId>15</FromVariableId>
      <ToVariableId>35</ToVariableId>
      <Type>Activator</Type>
    </Relationship>
    <Relationship Id="134">
      <FromVariableId>18</FromVariableId>
      <ToVariableId>35</ToVariableId>
      <Type>Activator</Type>
    </Relationship>
    <Relationship Id="135">
      <FromVariableId>23</FromVariableId>
      <ToVariableId>35</ToVariableId>
      <Type>Activator</Type>
    </Relationship>
    <Relationship Id="136">
      <FromVariableId>25</FromVariableId>
      <ToVariableId>35</ToVariableId>
      <Type>Activator</Type>
    </Relationship>
    <Relationship Id="137">
      <FromVariableId>37</FromVariableId>
      <ToVariableId>35</ToVariableId>
      <Type>Activator</Type>
    </Relationship>
    <Relationship Id="138">
      <FromVariableId>10</FromVariableId>
      <ToVariableId>35</ToVariableId>
      <Type>Activator</Type>
    </Relationship>
    <Relationship Id="140">
      <FromVariableId>30</FromVariableId>
      <ToVariableId>35</ToVariableId>
      <Type>Inhibitor</Type>
    </Relationship>
    <Relationship Id="141">
      <FromVariableId>15</FromVariableId>
      <ToVariableId>17</ToVariableId>
      <Type>Activator</Type>
    </Relationship>
    <Relationship Id="143">
      <FromVariableId>23</FromVariableId>
      <ToVariableId>17</ToVariableId>
      <Type>Activator</Type>
    </Relationship>
    <Relationship Id="144">
      <FromVariableId>36</FromVariableId>
      <ToVariableId>17</ToVariableId>
      <Type>Activator</Type>
    </Relationship>
    <Relationship Id="145">
      <FromVariableId>25</FromVariableId>
      <ToVariableId>17</ToVariableId>
      <Type>Activator</Type>
    </Relationship>
    <Relationship Id="146">
      <FromVariableId>28</FromVariableId>
      <ToVariableId>17</ToVariableId>
      <Type>Activator</Type>
    </Relationship>
    <Relationship Id="147">
      <FromVariableId>4</FromVariableId>
      <ToVariableId>17</ToVariableId>
      <Type>Activator</Type>
    </Relationship>
    <Relationship Id="148">
      <FromVariableId>7</FromVariableId>
      <ToVariableId>17</ToVariableId>
      <Type>Activator</Type>
    </Relationship>
    <Relationship Id="149">
      <FromVariableId>35</FromVariableId>
      <ToVariableId>17</ToVariableId>
      <Type>Activator</Type>
    </Relationship>
    <Relationship Id="150">
      <FromVariableId>24</FromVariableId>
      <ToVariableId>17</ToVariableId>
      <Type>Activator</Type>
    </Relationship>
    <Relationship Id="151">
      <FromVariableId>10</FromVariableId>
      <ToVariableId>17</ToVariableId>
      <Type>Activator</Type>
    </Relationship>
    <Relationship Id="152">
      <FromVariableId>8</FromVariableId>
      <ToVariableId>17</ToVariableId>
      <Type>Activator</Type>
    </Relationship>
    <Relationship Id="153">
      <FromVariableId>32</FromVariableId>
      <ToVariableId>17</ToVariableId>
      <Type>Inhibitor</Type>
    </Relationship>
    <Relationship Id="154">
      <FromVariableId>1</FromVariableId>
      <ToVariableId>38</ToVariableId>
      <Type>Activator</Type>
    </Relationship>
    <Relationship Id="155">
      <FromVariableId>17</FromVariableId>
      <ToVariableId>38</ToVariableId>
      <Type>Activator</Type>
    </Relationship>
    <Relationship Id="156">
      <FromVariableId>24</FromVariableId>
      <ToVariableId>38</ToVariableId>
      <Type>Activator</Type>
    </Relationship>
    <Relationship Id="157">
      <FromVariableId>5</FromVariableId>
      <ToVariableId>38</ToVariableId>
      <Type>Activator</Type>
    </Relationship>
    <Relationship Id="160">
      <FromVariableId>6</FromVariableId>
      <ToVariableId>38</ToVariableId>
      <Type>Inhibitor</Type>
    </Relationship>
    <Relationship Id="161">
      <FromVariableId>30</FromVariableId>
      <ToVariableId>38</ToVariableId>
      <Type>Inhibitor</Type>
    </Relationship>
    <Relationship Id="162">
      <FromVariableId>38</FromVariableId>
      <ToVariableId>1</ToVariableId>
      <Type>Activator</Type>
    </Relationship>
    <Relationship Id="163">
      <FromVariableId>38</FromVariableId>
      <ToVariableId>2</ToVariableId>
      <Type>Inhibitor</Type>
    </Relationship>
    <Relationship Id="164">
      <FromVariableId>38</FromVariableId>
      <ToVariableId>17</ToVariableId>
      <Type>Activator</Type>
    </Relationship>
    <Relationship Id="165">
      <FromVariableId>15</FromVariableId>
      <ToVariableId>38</ToVariableId>
      <Type>Inhibitor</Type>
    </Relationship>
    <Relationship Id="166">
      <FromVariableId>38</FromVariableId>
      <ToVariableId>15</ToVariableId>
      <Type>Inhibitor</Type>
    </Relationship>
    <Relationship Id="167">
      <FromVariableId>38</FromVariableId>
      <ToVariableId>24</ToVariableId>
      <Type>Activator</Type>
    </Relationship>
    <Relationship Id="168">
      <FromVariableId>38</FromVariableId>
      <ToVariableId>5</ToVariableId>
      <Type>Activator</Type>
    </Relationship>
    <Relationship Id="169">
      <FromVariableId>38</FromVariableId>
      <ToVariableId>6</ToVariableId>
      <Type>Inhibitor</Type>
    </Relationship>
    <Relationship Id="170">
      <FromVariableId>38</FromVariableId>
      <ToVariableId>30</ToVariableId>
      <Type>Activator</Type>
    </Relationship>
    <Relationship Id="171">
      <FromVariableId>40</FromVariableId>
      <ToVariableId>24</ToVariableId>
      <Type>Inhibitor</Type>
    </Relationship>
    <Relationship Id="172">
      <FromVariableId>39</FromVariableId>
      <ToVariableId>5</ToVariableId>
      <Type>Activator</Type>
    </Relationship>
    <Relationship Id="173">
      <FromVariableId>39</FromVariableId>
      <ToVariableId>15</ToVariableId>
      <Type>Activator</Type>
    </Relationship>
    <Relationship Id="174">
      <FromVariableId>39</FromVariableId>
      <ToVariableId>1</ToVariableId>
      <Type>Activator</Type>
    </Relationship>
  </Relationships>
</AnalysisInput>