<AnalysisInput>
  <Variables>
    <Variable Id="1">
      <Name>Erg</Name>
      <RangeFrom>0</RangeFrom>
      <RangeTo>3</RangeTo>
      <Function>(var(2))*(2/3) + (var(3))*(1/3)</Function>
    </Variable>
    <Variable Id="2">
      <Name>ErgR1</Name>
      <RangeFrom>0</RangeFrom>
      <RangeTo>3</RangeTo>
      <Function>min(min(var(19,var4),(var(19)+var(4))/2-var(31)))</Function>
    </Variable>
    <Variable Id="3">
      <Name>ErgR2</Name>
      <RangeFrom>0</RangeFrom>
      <RangeTo>3</RangeTo>
      <Function></Function>
    </Variable>
    <Variable Id="4">
      <Name>Fli1</Name>
      <RangeFrom>0</RangeFrom>
      <RangeTo>3</RangeTo>
      <Function>(var(5))*(2/3) + (var(6))*(1/3)</Function>
    </Variable>
    <Variable Id="5">
      <Name>Fli1R1</Name>
      <RangeFrom>0</RangeFrom>
      <RangeTo>3</RangeTo>
      <Function></Function>
    </Variable>
    <Variable Id="6">
      <Name>Fli1R2</Name>
      <RangeFrom>0</RangeFrom>
      <RangeTo>3</RangeTo>
      <Function></Function>
    </Variable>
    <Variable Id="7">
      <Name>Pu.1</Name>
      <RangeFrom>0</RangeFrom>
      <RangeTo>3</RangeTo>
      <Function>(var(8))*(2/3) + (var(9))*(1/3)</Function>
    </Variable>
    <Variable Id="8">
      <Name>Pu.1R1</Name>
      <RangeFrom>0</RangeFrom>
      <RangeTo>3</RangeTo>
      <Function></Function>
    </Variable>
    <Variable Id="9">
      <Name>Pu.1R2</Name>
      <RangeFrom>0</RangeFrom>
      <RangeTo>3</RangeTo>
      <Function></Function>
    </Variable>
    <Variable Id="10">
      <Name>Scl</Name>
      <RangeFrom>0</RangeFrom>
      <RangeTo>3</RangeTo>
      <Function>(var(11))*(2/3) + (var(12))*(1/3)</Function>
    </Variable>
    <Variable Id="11">
      <Name>SclR1</Name>
      <RangeFrom>0</RangeFrom>
      <RangeTo>3</RangeTo>
      <Function></Function>
    </Variable>
    <Variable Id="12">
      <Name>SclR2</Name>
      <RangeFrom>0</RangeFrom>
      <RangeTo>3</RangeTo>
      <Function></Function>
    </Variable>
    <Variable Id="13">
      <Name>Lyl1</Name>
      <RangeFrom>0</RangeFrom>
      <RangeTo>3</RangeTo>
      <Function>(var(14))*(2/3) + (var(15))*(1/3)</Function>
    </Variable>
    <Variable Id="14">
      <Name>Lyl1R1</Name>
      <RangeFrom>0</RangeFrom>
      <RangeTo>3</RangeTo>
      <Function></Function>
    </Variable>
    <Variable Id="15">
      <Name>Lyl1R2</Name>
      <RangeFrom>0</RangeFrom>
      <RangeTo>3</RangeTo>
      <Function></Function>
    </Variable>
    <Variable Id="16">
      <Name>Lmo2</Name>
      <RangeFrom>0</RangeFrom>
      <RangeTo>3</RangeTo>
      <Function>(var(17))*(2/3) + (var(18))*(1/3)</Function>
    </Variable>
    <Variable Id="17">
      <Name>Lmo2R1</Name>
      <RangeFrom>0</RangeFrom>
      <RangeTo>3</RangeTo>
      <Function></Function>
    </Variable>
    <Variable Id="18">
      <Name>Lmo2R2</Name>
      <RangeFrom>0</RangeFrom>
      <RangeTo>3</RangeTo>
      <Function></Function>
    </Variable>
    <Variable Id="19">
      <Name>Gata2</Name>
      <RangeFrom>0</RangeFrom>
      <RangeTo>3</RangeTo>
      <Function>(var(20))*(2/3) + (var(21))*(1/3)</Function>
    </Variable>
    <Variable Id="20">
      <Name>Gata2R1</Name>
      <RangeFrom>0</RangeFrom>
      <RangeTo>3</RangeTo>
      <Function></Function>
    </Variable>
    <Variable Id="21">
      <Name>Gata2R2</Name>
      <RangeFrom>0</RangeFrom>
      <RangeTo>3</RangeTo>
      <Function></Function>
    </Variable>
    <Variable Id="22">
      <Name>Gata1</Name>
      <RangeFrom>0</RangeFrom>
      <RangeTo>3</RangeTo>
      <Function>(var(23))*(2/3) + (var(24))*(1/3)</Function>
    </Variable>
    <Variable Id="23">
      <Name>Gata1R1</Name>
      <RangeFrom>0</RangeFrom>
      <RangeTo>3</RangeTo>
      <Function></Function>
    </Variable>
    <Variable Id="24">
      <Name>Gata1R2</Name>
      <RangeFrom>0</RangeFrom>
      <RangeTo>3</RangeTo>
      <Function></Function>
    </Variable>
    <Variable Id="25">
      <Name>Runx1</Name>
      <RangeFrom>0</RangeFrom>
      <RangeTo>3</RangeTo>
      <Function>(var(26))*(2/3) + (var(27))*(1/3)</Function>
    </Variable>
    <Variable Id="26">
      <Name>Runx1R1</Name>
      <RangeFrom>0</RangeFrom>
      <RangeTo>3</RangeTo>
      <Function></Function>
    </Variable>
    <Variable Id="27">
      <Name>Runx1R2</Name>
      <RangeFrom>0</RangeFrom>
      <RangeTo>3</RangeTo>
      <Function></Function>
    </Variable>
    <Variable Id="28">
      <Name>Meis1</Name>
      <RangeFrom>0</RangeFrom>
      <RangeTo>3</RangeTo>
      <Function>(var(29))*(2/3) + (var(30))*(1/3)</Function>
    </Variable>
    <Variable Id="29">
      <Name>Meis1R1</Name>
      <RangeFrom>0</RangeFrom>
      <RangeTo>3</RangeTo>
      <Function></Function>
    </Variable>
    <Variable Id="30">
      <Name>Meis1R2</Name>
      <RangeFrom>0</RangeFrom>
      <RangeTo>3</RangeTo>
      <Function></Function>
    </Variable>
    <Variable Id="31">
      <Name>Gfi1b</Name>
      <RangeFrom>0</RangeFrom>
      <RangeTo>3</RangeTo>
      <Function>(var(32))*(2/3) + (var(33))*(1/3)</Function>
    </Variable>
    <Variable Id="32">
      <Name>Gfi1bR1</Name>
      <RangeFrom>0</RangeFrom>
      <RangeTo>3</RangeTo>
      <Function></Function>
    </Variable>
    <Variable Id="33">
      <Name>Gfi1bR2</Name>
      <RangeFrom>0</RangeFrom>
      <RangeTo>3</RangeTo>
      <Function></Function>
    </Variable>
    <Variable Id="34">
      <Name>Etv2</Name>
      <RangeFrom>0</RangeFrom>
      <RangeTo>3</RangeTo>
      <Function></Function>
    </Variable>
    <Variable Id="35">
      <Name>Hoxa3</Name>
      <RangeFrom>0</RangeFrom>
      <RangeTo>3</RangeTo>
      <Function></Function>
    </Variable>
  </Variables>
  <Relationships>
    <Relationship Id="1">
      <FromVariableId>34</FromVariableId>
      <ToVariableId>11</ToVariableId>
      <Type>Activator</Type>
    </Relationship>
    <Relationship Id="2">
      <FromVariableId>19</FromVariableId>
      <ToVariableId>11</ToVariableId>
      <Type>Activator</Type>
    </Relationship>
    <Relationship Id="3">
      <FromVariableId>1</FromVariableId>
      <ToVariableId>11</ToVariableId>
      <Type>Activator</Type>
    </Relationship>
    <Relationship Id="4">
      <FromVariableId>4</FromVariableId>
      <ToVariableId>11</ToVariableId>
      <Type>Activator</Type>
    </Relationship>
    <Relationship Id="5">
      <FromVariableId>22</FromVariableId>
      <ToVariableId>11</ToVariableId>
      <Type>Activator</Type>
    </Relationship>
    <Relationship Id="7">
      <FromVariableId>13</FromVariableId>
      <ToVariableId>12</ToVariableId>
      <Type>Activator</Type>
    </Relationship>
    <Relationship Id="9">
      <FromVariableId>25</FromVariableId>
      <ToVariableId>12</ToVariableId>
      <Type>Activator</Type>
    </Relationship>
    <Relationship Id="10">
      <FromVariableId>7</FromVariableId>
      <ToVariableId>12</ToVariableId>
      <Type>Activator</Type>
    </Relationship>
    <Relationship Id="11">
      <FromVariableId>28</FromVariableId>
      <ToVariableId>12</ToVariableId>
      <Type>Activator</Type>
    </Relationship>
    <Relationship Id="12">
      <FromVariableId>16</FromVariableId>
      <ToVariableId>12</ToVariableId>
      <Type>Activator</Type>
    </Relationship>
    <Relationship Id="13">
      <FromVariableId>19</FromVariableId>
      <ToVariableId>14</ToVariableId>
      <Type>Activator</Type>
    </Relationship>
    <Relationship Id="14">
      <FromVariableId>1</FromVariableId>
      <ToVariableId>14</ToVariableId>
      <Type>Activator</Type>
    </Relationship>
    <Relationship Id="15">
      <FromVariableId>7</FromVariableId>
      <ToVariableId>14</ToVariableId>
      <Type>Activator</Type>
    </Relationship>
    <Relationship Id="16">
      <FromVariableId>4</FromVariableId>
      <ToVariableId>14</ToVariableId>
      <Type>Activator</Type>
    </Relationship>
    <Relationship Id="17">
      <FromVariableId>28</FromVariableId>
      <ToVariableId>15</ToVariableId>
      <Type>Activator</Type>
    </Relationship>
    <Relationship Id="18">
      <FromVariableId>10</FromVariableId>
      <ToVariableId>15</ToVariableId>
      <Type>Activator</Type>
    </Relationship>
    <Relationship Id="20">
      <FromVariableId>16</FromVariableId>
      <ToVariableId>15</ToVariableId>
      <Type>Activator</Type>
    </Relationship>
    <Relationship Id="21">
      <FromVariableId>25</FromVariableId>
      <ToVariableId>15</ToVariableId>
      <Type>Activator</Type>
    </Relationship>
    <Relationship Id="22">
      <FromVariableId>22</FromVariableId>
      <ToVariableId>14</ToVariableId>
      <Type>Activator</Type>
    </Relationship>
    <Relationship Id="23">
      <FromVariableId>1</FromVariableId>
      <ToVariableId>17</ToVariableId>
      <Type>Activator</Type>
    </Relationship>
    <Relationship Id="24">
      <FromVariableId>4</FromVariableId>
      <ToVariableId>17</ToVariableId>
      <Type>Activator</Type>
    </Relationship>
    <Relationship Id="25">
      <FromVariableId>28</FromVariableId>
      <ToVariableId>18</ToVariableId>
      <Type>Activator</Type>
    </Relationship>
    <Relationship Id="26">
      <FromVariableId>10</FromVariableId>
      <ToVariableId>18</ToVariableId>
      <Type>Activator</Type>
    </Relationship>
    <Relationship Id="27">
      <FromVariableId>13</FromVariableId>
      <ToVariableId>18</ToVariableId>
      <Type>Activator</Type>
    </Relationship>
    <Relationship Id="28">
      <FromVariableId>19</FromVariableId>
      <ToVariableId>18</ToVariableId>
      <Type>Activator</Type>
    </Relationship>
    <Relationship Id="29">
      <FromVariableId>7</FromVariableId>
      <ToVariableId>18</ToVariableId>
      <Type>Activator</Type>
    </Relationship>
    <Relationship Id="31">
      <FromVariableId>22</FromVariableId>
      <ToVariableId>18</ToVariableId>
      <Type>Activator</Type>
    </Relationship>
    <Relationship Id="32">
      <FromVariableId>25</FromVariableId>
      <ToVariableId>18</ToVariableId>
      <Type>Activator</Type>
    </Relationship>
    <Relationship Id="33">
      <FromVariableId>34</FromVariableId>
      <ToVariableId>20</ToVariableId>
      <Type>Activator</Type>
    </Relationship>
    <Relationship Id="35">
      <FromVariableId>25</FromVariableId>
      <ToVariableId>20</ToVariableId>
      <Type>Activator</Type>
    </Relationship>
    <Relationship Id="36">
      <FromVariableId>1</FromVariableId>
      <ToVariableId>21</ToVariableId>
      <Type>Activator</Type>
    </Relationship>
    <Relationship Id="37">
      <FromVariableId>4</FromVariableId>
      <ToVariableId>21</ToVariableId>
      <Type>Activator</Type>
    </Relationship>
    <Relationship Id="38">
      <FromVariableId>7</FromVariableId>
      <ToVariableId>21</ToVariableId>
      <Type>Activator</Type>
    </Relationship>
    <Relationship Id="39">
      <FromVariableId>28</FromVariableId>
      <ToVariableId>21</ToVariableId>
      <Type>Activator</Type>
    </Relationship>
    <Relationship Id="40">
      <FromVariableId>10</FromVariableId>
      <ToVariableId>21</ToVariableId>
      <Type>Activator</Type>
    </Relationship>
    <Relationship Id="41">
      <FromVariableId>13</FromVariableId>
      <ToVariableId>21</ToVariableId>
      <Type>Activator</Type>
    </Relationship>
    <Relationship Id="42">
      <FromVariableId>16</FromVariableId>
      <ToVariableId>21</ToVariableId>
      <Type>Activator</Type>
    </Relationship>
    <Relationship Id="43">
      <FromVariableId>1</FromVariableId>
      <ToVariableId>26</ToVariableId>
      <Type>Activator</Type>
    </Relationship>
    <Relationship Id="44">
      <FromVariableId>4</FromVariableId>
      <ToVariableId>26</ToVariableId>
      <Type>Activator</Type>
    </Relationship>
    <Relationship Id="45">
      <FromVariableId>7</FromVariableId>
      <ToVariableId>26</ToVariableId>
      <Type>Activator</Type>
    </Relationship>
    <Relationship Id="47">
      <FromVariableId>28</FromVariableId>
      <ToVariableId>26</ToVariableId>
      <Type>Activator</Type>
    </Relationship>
    <Relationship Id="48">
      <FromVariableId>10</FromVariableId>
      <ToVariableId>27</ToVariableId>
      <Type>Activator</Type>
    </Relationship>
    <Relationship Id="49">
      <FromVariableId>13</FromVariableId>
      <ToVariableId>27</ToVariableId>
      <Type>Activator</Type>
    </Relationship>
    <Relationship Id="50">
      <FromVariableId>19</FromVariableId>
      <ToVariableId>27</ToVariableId>
      <Type>Activator</Type>
    </Relationship>
    <Relationship Id="51">
      <FromVariableId>16</FromVariableId>
      <ToVariableId>27</ToVariableId>
      <Type>Activator</Type>
    </Relationship>
    <Relationship Id="52">
      <FromVariableId>22</FromVariableId>
      <ToVariableId>27</ToVariableId>
      <Type>Activator</Type>
    </Relationship>
    <Relationship Id="54">
      <FromVariableId>4</FromVariableId>
      <ToVariableId>2</ToVariableId>
      <Type>Activator</Type>
    </Relationship>
    <Relationship Id="55">
      <FromVariableId>19</FromVariableId>
      <ToVariableId>2</ToVariableId>
      <Type>Activator</Type>
    </Relationship>
    <Relationship Id="56">
      <FromVariableId>10</FromVariableId>
      <ToVariableId>3</ToVariableId>
      <Type>Activator</Type>
    </Relationship>
    <Relationship Id="57">
      <FromVariableId>13</FromVariableId>
      <ToVariableId>3</ToVariableId>
      <Type>Activator</Type>
    </Relationship>
    <Relationship Id="58">
      <FromVariableId>25</FromVariableId>
      <ToVariableId>3</ToVariableId>
      <Type>Activator</Type>
    </Relationship>
    <Relationship Id="59">
      <FromVariableId>28</FromVariableId>
      <ToVariableId>3</ToVariableId>
      <Type>Activator</Type>
    </Relationship>
    <Relationship Id="60">
      <FromVariableId>16</FromVariableId>
      <ToVariableId>3</ToVariableId>
      <Type>Activator</Type>
    </Relationship>
    <Relationship Id="61">
      <FromVariableId>10</FromVariableId>
      <ToVariableId>8</ToVariableId>
      <Type>Activator</Type>
    </Relationship>
    <Relationship Id="62">
      <FromVariableId>25</FromVariableId>
      <ToVariableId>8</ToVariableId>
      <Type>Activator</Type>
    </Relationship>
    <Relationship Id="63">
      <FromVariableId>1</FromVariableId>
      <ToVariableId>8</ToVariableId>
      <Type>Activator</Type>
    </Relationship>
    <Relationship Id="64">
      <FromVariableId>19</FromVariableId>
      <ToVariableId>9</ToVariableId>
      <Type>Activator</Type>
    </Relationship>
    <Relationship Id="66">
      <FromVariableId>4</FromVariableId>
      <ToVariableId>9</ToVariableId>
      <Type>Activator</Type>
    </Relationship>
    <Relationship Id="67">
      <FromVariableId>28</FromVariableId>
      <ToVariableId>9</ToVariableId>
      <Type>Activator</Type>
    </Relationship>
    <Relationship Id="68">
      <FromVariableId>34</FromVariableId>
      <ToVariableId>5</ToVariableId>
      <Type>Activator</Type>
    </Relationship>
    <Relationship Id="69">
      <FromVariableId>1</FromVariableId>
      <ToVariableId>5</ToVariableId>
      <Type>Activator</Type>
    </Relationship>
    <Relationship Id="71">
      <FromVariableId>10</FromVariableId>
      <ToVariableId>6</ToVariableId>
      <Type>Activator</Type>
    </Relationship>
    <Relationship Id="72">
      <FromVariableId>13</FromVariableId>
      <ToVariableId>6</ToVariableId>
      <Type>Activator</Type>
    </Relationship>
    <Relationship Id="73">
      <FromVariableId>25</FromVariableId>
      <ToVariableId>6</ToVariableId>
      <Type>Activator</Type>
    </Relationship>
    <Relationship Id="74">
      <FromVariableId>16</FromVariableId>
      <ToVariableId>6</ToVariableId>
      <Type>Activator</Type>
    </Relationship>
    <Relationship Id="75">
      <FromVariableId>19</FromVariableId>
      <ToVariableId>6</ToVariableId>
      <Type>Activator</Type>
    </Relationship>
    <Relationship Id="76">
      <FromVariableId>22</FromVariableId>
      <ToVariableId>6</ToVariableId>
      <Type>Activator</Type>
    </Relationship>
    <Relationship Id="77">
      <FromVariableId>19</FromVariableId>
      <ToVariableId>29</ToVariableId>
      <Type>Activator</Type>
    </Relationship>
    <Relationship Id="78">
      <FromVariableId>1</FromVariableId>
      <ToVariableId>29</ToVariableId>
      <Type>Activator</Type>
    </Relationship>
    <Relationship Id="79">
      <FromVariableId>4</FromVariableId>
      <ToVariableId>29</ToVariableId>
      <Type>Activator</Type>
    </Relationship>
    <Relationship Id="80">
      <FromVariableId>7</FromVariableId>
      <ToVariableId>29</ToVariableId>
      <Type>Activator</Type>
    </Relationship>
    <Relationship Id="82">
      <FromVariableId>25</FromVariableId>
      <ToVariableId>30</ToVariableId>
      <Type>Activator</Type>
    </Relationship>
    <Relationship Id="83">
      <FromVariableId>13</FromVariableId>
      <ToVariableId>30</ToVariableId>
      <Type>Activator</Type>
    </Relationship>
    <Relationship Id="84">
      <FromVariableId>16</FromVariableId>
      <ToVariableId>30</ToVariableId>
      <Type>Activator</Type>
    </Relationship>
    <Relationship Id="85">
      <FromVariableId>10</FromVariableId>
      <ToVariableId>30</ToVariableId>
      <Type>Activator</Type>
    </Relationship>
    <Relationship Id="86">
      <FromVariableId>1</FromVariableId>
      <ToVariableId>32</ToVariableId>
      <Type>Activator</Type>
    </Relationship>
    <Relationship Id="87">
      <FromVariableId>4</FromVariableId>
      <ToVariableId>32</ToVariableId>
      <Type>Activator</Type>
    </Relationship>
    <Relationship Id="88">
      <FromVariableId>10</FromVariableId>
      <ToVariableId>32</ToVariableId>
      <Type>Activator</Type>
    </Relationship>
    <Relationship Id="89">
      <FromVariableId>13</FromVariableId>
      <ToVariableId>32</ToVariableId>
      <Type>Activator</Type>
    </Relationship>
    <Relationship Id="90">
      <FromVariableId>25</FromVariableId>
      <ToVariableId>33</ToVariableId>
      <Type>Activator</Type>
    </Relationship>
    <Relationship Id="91">
      <FromVariableId>19</FromVariableId>
      <ToVariableId>33</ToVariableId>
      <Type>Activator</Type>
    </Relationship>
    <Relationship Id="92">
      <FromVariableId>22</FromVariableId>
      <ToVariableId>33</ToVariableId>
      <Type>Activator</Type>
    </Relationship>
    <Relationship Id="93">
      <FromVariableId>28</FromVariableId>
      <ToVariableId>33</ToVariableId>
      <Type>Activator</Type>
    </Relationship>
    <Relationship Id="94">
      <FromVariableId>16</FromVariableId>
      <ToVariableId>33</ToVariableId>
      <Type>Activator</Type>
    </Relationship>
    <Relationship Id="95">
      <FromVariableId>25</FromVariableId>
      <ToVariableId>23</ToVariableId>
      <Type>Activator</Type>
    </Relationship>
    <Relationship Id="96">
      <FromVariableId>4</FromVariableId>
      <ToVariableId>23</ToVariableId>
      <Type>Activator</Type>
    </Relationship>
    <Relationship Id="98">
      <FromVariableId>10</FromVariableId>
      <ToVariableId>24</ToVariableId>
      <Type>Activator</Type>
    </Relationship>
    <Relationship Id="99">
      <FromVariableId>16</FromVariableId>
      <ToVariableId>24</ToVariableId>
      <Type>Activator</Type>
    </Relationship>
    <Relationship Id="100">
      <FromVariableId>31</FromVariableId>
      <ToVariableId>11</ToVariableId>
      <Type>Inhibitor</Type>
    </Relationship>
    <Relationship Id="101">
      <FromVariableId>31</FromVariableId>
      <ToVariableId>15</ToVariableId>
      <Type>Inhibitor</Type>
    </Relationship>
    <Relationship Id="102">
      <FromVariableId>31</FromVariableId>
      <ToVariableId>18</ToVariableId>
      <Type>Inhibitor</Type>
    </Relationship>
    <Relationship Id="103">
      <FromVariableId>31</FromVariableId>
      <ToVariableId>21</ToVariableId>
      <Type>Inhibitor</Type>
    </Relationship>
    <Relationship Id="104">
      <FromVariableId>22</FromVariableId>
      <ToVariableId>20</ToVariableId>
      <Type>Inhibitor</Type>
    </Relationship>
    <Relationship Id="105">
      <FromVariableId>31</FromVariableId>
      <ToVariableId>27</ToVariableId>
      <Type>Inhibitor</Type>
    </Relationship>
    <Relationship Id="106">
      <FromVariableId>35</FromVariableId>
      <ToVariableId>26</ToVariableId>
      <Type>Inhibitor</Type>
    </Relationship>
    <Relationship Id="107">
      <FromVariableId>31</FromVariableId>
      <ToVariableId>2</ToVariableId>
      <Type>Inhibitor</Type>
    </Relationship>
    <Relationship Id="109">
      <FromVariableId>22</FromVariableId>
      <ToVariableId>9</ToVariableId>
      <Type>Inhibitor</Type>
    </Relationship>
    <Relationship Id="110">
      <FromVariableId>31</FromVariableId>
      <ToVariableId>5</ToVariableId>
      <Type>Inhibitor</Type>
    </Relationship>
    <Relationship Id="111">
      <FromVariableId>31</FromVariableId>
      <ToVariableId>8</ToVariableId>
      <Type>Inhibitor</Type>
    </Relationship>
    <Relationship Id="112">
      <FromVariableId>31</FromVariableId>
      <ToVariableId>30</ToVariableId>
      <Type>Inhibitor</Type>
    </Relationship>
    <Relationship Id="114">
      <FromVariableId>31</FromVariableId>
      <ToVariableId>23</ToVariableId>
      <Type>Inhibitor</Type>
    </Relationship>
    <Relationship Id="115">
      <FromVariableId>7</FromVariableId>
      <ToVariableId>23</ToVariableId>
      <Type>Inhibitor</Type>
    </Relationship>
    <Relationship Id="53">
      <FromVariableId>1</FromVariableId>
      <ToVariableId>2</ToVariableId>
      <Type>Activator</Type>
    </Relationship>
    <Relationship Id="132">
      <FromVariableId>2</FromVariableId>
      <ToVariableId>1</ToVariableId>
      <Type>Activator</Type>
    </Relationship>
    <Relationship Id="133">
      <FromVariableId>3</FromVariableId>
      <ToVariableId>1</ToVariableId>
      <Type>Activator</Type>
    </Relationship>
    <Relationship Id="70">
      <FromVariableId>4</FromVariableId>
      <ToVariableId>5</ToVariableId>
      <Type>Activator</Type>
    </Relationship>
    <Relationship Id="134">
      <FromVariableId>5</FromVariableId>
      <ToVariableId>4</ToVariableId>
      <Type>Activator</Type>
    </Relationship>
    <Relationship Id="135">
      <FromVariableId>6</FromVariableId>
      <ToVariableId>4</ToVariableId>
      <Type>Activator</Type>
    </Relationship>
    <Relationship Id="65">
      <FromVariableId>7</FromVariableId>
      <ToVariableId>9</ToVariableId>
      <Type>Activator</Type>
    </Relationship>
    <Relationship Id="136">
      <FromVariableId>8</FromVariableId>
      <ToVariableId>7</ToVariableId>
      <Type>Activator</Type>
    </Relationship>
    <Relationship Id="137">
      <FromVariableId>9</FromVariableId>
      <ToVariableId>7</ToVariableId>
      <Type>Activator</Type>
    </Relationship>
    <Relationship Id="8">
      <FromVariableId>10</FromVariableId>
      <ToVariableId>12</ToVariableId>
      <Type>Activator</Type>
    </Relationship>
    <Relationship Id="116">
      <FromVariableId>11</FromVariableId>
      <ToVariableId>10</ToVariableId>
      <Type>Activator</Type>
    </Relationship>
    <Relationship Id="117">
      <FromVariableId>12</FromVariableId>
      <ToVariableId>10</ToVariableId>
      <Type>Activator</Type>
    </Relationship>
    <Relationship Id="19">
      <FromVariableId>13</FromVariableId>
      <ToVariableId>15</ToVariableId>
      <Type>Activator</Type>
    </Relationship>
    <Relationship Id="118">
      <FromVariableId>14</FromVariableId>
      <ToVariableId>13</ToVariableId>
      <Type>Activator</Type>
    </Relationship>
    <Relationship Id="119">
      <FromVariableId>15</FromVariableId>
      <ToVariableId>13</ToVariableId>
      <Type>Activator</Type>
    </Relationship>
    <Relationship Id="30">
      <FromVariableId>16</FromVariableId>
      <ToVariableId>18</ToVariableId>
      <Type>Activator</Type>
    </Relationship>
    <Relationship Id="130">
      <FromVariableId>18</FromVariableId>
      <ToVariableId>16</ToVariableId>
      <Type>Activator</Type>
    </Relationship>
    <Relationship Id="131">
      <FromVariableId>17</FromVariableId>
      <ToVariableId>16</ToVariableId>
      <Type>Activator</Type>
    </Relationship>
    <Relationship Id="34">
      <FromVariableId>19</FromVariableId>
      <ToVariableId>20</ToVariableId>
      <Type>Activator</Type>
    </Relationship>
    <Relationship Id="128">
      <FromVariableId>21</FromVariableId>
      <ToVariableId>19</ToVariableId>
      <Type>Activator</Type>
    </Relationship>
    <Relationship Id="129">
      <FromVariableId>20</FromVariableId>
      <ToVariableId>19</ToVariableId>
      <Type>Activator</Type>
    </Relationship>
    <Relationship Id="97">
      <FromVariableId>22</FromVariableId>
      <ToVariableId>23</ToVariableId>
      <Type>Activator</Type>
    </Relationship>
    <Relationship Id="126">
      <FromVariableId>24</FromVariableId>
      <ToVariableId>22</ToVariableId>
      <Type>Activator</Type>
    </Relationship>
    <Relationship Id="127">
      <FromVariableId>23</FromVariableId>
      <ToVariableId>22</ToVariableId>
      <Type>Activator</Type>
    </Relationship>
    <Relationship Id="46">
      <FromVariableId>25</FromVariableId>
      <ToVariableId>26</ToVariableId>
      <Type>Activator</Type>
    </Relationship>
    <Relationship Id="120">
      <FromVariableId>26</FromVariableId>
      <ToVariableId>25</ToVariableId>
      <Type>Activator</Type>
    </Relationship>
    <Relationship Id="121">
      <FromVariableId>27</FromVariableId>
      <ToVariableId>25</ToVariableId>
      <Type>Activator</Type>
    </Relationship>
    <Relationship Id="81">
      <FromVariableId>28</FromVariableId>
      <ToVariableId>30</ToVariableId>
      <Type>Activator</Type>
    </Relationship>
    <Relationship Id="122">
      <FromVariableId>29</FromVariableId>
      <ToVariableId>28</ToVariableId>
      <Type>Activator</Type>
    </Relationship>
    <Relationship Id="123">
      <FromVariableId>30</FromVariableId>
      <ToVariableId>28</ToVariableId>
      <Type>Activator</Type>
    </Relationship>
    <Relationship Id="113">
      <FromVariableId>31</FromVariableId>
      <ToVariableId>32</ToVariableId>
      <Type>Inhibitor</Type>
    </Relationship>
    <Relationship Id="124">
      <FromVariableId>32</FromVariableId>
      <ToVariableId>31</ToVariableId>
      <Type>Activator</Type>
    </Relationship>
    <Relationship Id="125">
      <FromVariableId>33</FromVariableId>
      <ToVariableId>31</ToVariableId>
      <Type>Activator</Type>
    </Relationship>
  </Relationships>
</AnalysisInput>