﻿<?xml version="1.0" encoding="utf-8"?>
<Model Id="1" Name="New Model(1)" BioCheckVersion="3">
  <Description>This is a new model.</Description>
  <CreatedDate>2012-05-15T10:38:58.4818284+01:00</CreatedDate>
  <ModifiedDate>2012-05-15T10:42:38.7727655+01:00</ModifiedDate>
  <Layout>
    <Columns>6</Columns>
    <Rows>5</Rows>
    <ZoomLevel>0</ZoomLevel>
    <PanX>0</PanX>
    <PanY>0</PanY>
  </Layout>
  <Containers>
    <Container Id="1" Name="">
      <PositionX>1</PositionX>
      <PositionY>0</PositionY>
      <Size>1</Size>
    </Container>
  </Containers>
  <Variables>
    <Variable Id="1" Name="a">
      <ContainerId>1</ContainerId>
      <Type>Default</Type>
      <RangeFrom>0</RangeFrom>
      <RangeTo>1</RangeTo>
      <Formula>1</Formula>
      <PositionX>113</PositionX>
      <PositionY>116</PositionY>
      <CellX>1</CellX>
      <CellY>0</CellY>
      <Angle>0</Angle>
    </Variable>
    <Variable Id="2" Name="c">
      <ContainerId>1</ContainerId>
      <Type>Default</Type>
      <RangeFrom>0</RangeFrom>
      <RangeTo>1</RangeTo>
      <Formula>var(a) + var(b)</Formula>
      <PositionX>113</PositionX>
      <PositionY>216</PositionY>
      <CellX>1</CellX>
      <CellY>0</CellY>
      <Angle>0</Angle>
    </Variable>
    <Variable Id="3" Name="b">
      <ContainerId>1</ContainerId>
      <Type>Default</Type>
      <RangeFrom>0</RangeFrom>
      <RangeTo>1</RangeTo>
      <Formula>1</Formula>
      <PositionX>188</PositionX>
      <PositionY>166</PositionY>
      <CellX>1</CellX>
      <CellY>0</CellY>
      <Angle>0</Angle>
    </Variable>
  </Variables>
  <Relationships>
    <Relationship Id="1">
      <ContainerId>1</ContainerId>
      <FromVariableId>1</FromVariableId>
      <ToVariableId>2</ToVariableId>
      <Type>Activator</Type>
    </Relationship>
    <Relationship Id="2">
      <ContainerId>1</ContainerId>
      <FromVariableId>3</FromVariableId>
      <ToVariableId>2</ToVariableId>
      <Type>None</Type>
    </Relationship>
  </Relationships>
</Model>