﻿<?xml version="1.0" encoding="utf-8"?>
<AnalysisInput ModelName="SSkin2D_3cells_2layers">
  <Variables>
    <Variable Id="6">
      <Name>Ligand-in</Name>
      <RangeFrom>0</RangeFrom>
      <RangeTo>4</RangeTo>
      <Function></Function>
    </Variable>
    <Variable Id="8">
      <Name>Ligand-in</Name>
      <RangeFrom>0</RangeFrom>
      <RangeTo>4</RangeTo>
      <Function></Function>
    </Variable>
    <Variable Id="11">
      <Name>Ligand-in</Name>
      <RangeFrom>0</RangeFrom>
      <RangeTo>4</RangeTo>
      <Function></Function>
    </Variable>
    <Variable Id="37">
      <Name>Wnt-ext</Name>
      <RangeFrom>0</RangeFrom>
      <RangeTo>4</RangeTo>
      <Function></Function>
    </Variable>
    <Variable Id="38">
      <Name>Wnt-ext</Name>
      <RangeFrom>0</RangeFrom>
      <RangeTo>4</RangeTo>
      <Function></Function>
    </Variable>
    <Variable Id="39">
      <Name>Wnt-ext</Name>
      <RangeFrom>0</RangeFrom>
      <RangeTo>4</RangeTo>
      <Function></Function>
    </Variable>
    <Variable Id="55">
      <Name>Wnt-ext</Name>
      <RangeFrom>0</RangeFrom>
      <RangeTo>4</RangeTo>
      <Function></Function>
    </Variable>
    <Variable Id="66">
      <Name>Ligand-in</Name>
      <RangeFrom>0</RangeFrom>
      <RangeTo>4</RangeTo>
      <Function></Function>
    </Variable>
    <Variable Id="67">
      <Name>Ligand-in</Name>
      <RangeFrom>0</RangeFrom>
      <RangeTo>4</RangeTo>
      <Function></Function>
    </Variable>
    <Variable Id="68">
      <Name>Ligand-in</Name>
      <RangeFrom>0</RangeFrom>
      <RangeTo>4</RangeTo>
      <Function></Function>
    </Variable>
    <Variable Id="69">
      <Name>Wnt-ext</Name>
      <RangeFrom>0</RangeFrom>
      <RangeTo>4</RangeTo>
      <Function></Function>
    </Variable>
    <Variable Id="70">
      <Name>Wnt-ext</Name>
      <RangeFrom>0</RangeFrom>
      <RangeTo>4</RangeTo>
      <Function></Function>
    </Variable>
    <Variable Id="12">
      <Name>Wnt</Name>
      <RangeFrom>0</RangeFrom>
      <RangeTo>4</RangeTo>
      <Function></Function>
    </Variable>
    <Variable Id="24">
      <Name>Jagged</Name>
      <RangeFrom>0</RangeFrom>
      <RangeTo>4</RangeTo>
      <Function></Function>
    </Variable>
    <Variable Id="25">
      <Name>Notch</Name>
      <RangeFrom>0</RangeFrom>
      <RangeTo>4</RangeTo>
      <Function></Function>
    </Variable>
    <Variable Id="32">
      <Name>Notch-IC</Name>
      <RangeFrom>0</RangeFrom>
      <RangeTo>4</RangeTo>
      <Function>min(var(25), var(6))</Function>
    </Variable>
    <Variable Id="16">
      <Name>Wnt</Name>
      <RangeFrom>0</RangeFrom>
      <RangeTo>4</RangeTo>
      <Function></Function>
    </Variable>
    <Variable Id="22">
      <Name>Notch</Name>
      <RangeFrom>0</RangeFrom>
      <RangeTo>4</RangeTo>
      <Function></Function>
    </Variable>
    <Variable Id="23">
      <Name>Jagged</Name>
      <RangeFrom>0</RangeFrom>
      <RangeTo>4</RangeTo>
      <Function></Function>
    </Variable>
    <Variable Id="34">
      <Name>Notch-IC</Name>
      <RangeFrom>0</RangeFrom>
      <RangeTo>4</RangeTo>
      <Function>min(var(22), var(8))</Function>
    </Variable>
    <Variable Id="20">
      <Name>Wnt</Name>
      <RangeFrom>0</RangeFrom>
      <RangeTo>4</RangeTo>
      <Function></Function>
    </Variable>
    <Variable Id="30">
      <Name>Jagged</Name>
      <RangeFrom>0</RangeFrom>
      <RangeTo>4</RangeTo>
      <Function></Function>
    </Variable>
    <Variable Id="31">
      <Name>Notch</Name>
      <RangeFrom>0</RangeFrom>
      <RangeTo>4</RangeTo>
      <Function></Function>
    </Variable>
    <Variable Id="36">
      <Name>Notch-IC</Name>
      <RangeFrom>0</RangeFrom>
      <RangeTo>4</RangeTo>
      <Function>min(var(31), var(11))</Function>
    </Variable>
    <Variable Id="40">
      <Name>Wnt</Name>
      <RangeFrom>0</RangeFrom>
      <RangeTo>4</RangeTo>
      <Function></Function>
    </Variable>
    <Variable Id="41">
      <Name>Jagged</Name>
      <RangeFrom>0</RangeFrom>
      <RangeTo>4</RangeTo>
      <Function></Function>
    </Variable>
    <Variable Id="42">
      <Name>Notch</Name>
      <RangeFrom>0</RangeFrom>
      <RangeTo>4</RangeTo>
      <Function></Function>
    </Variable>
    <Variable Id="45">
      <Name>Jagged</Name>
      <RangeFrom>0</RangeFrom>
      <RangeTo>4</RangeTo>
      <Function></Function>
    </Variable>
    <Variable Id="46">
      <Name>Notch</Name>
      <RangeFrom>0</RangeFrom>
      <RangeTo>4</RangeTo>
      <Function></Function>
    </Variable>
    <Variable Id="56">
      <Name>Jagged</Name>
      <RangeFrom>0</RangeFrom>
      <RangeTo>4</RangeTo>
      <Function></Function>
    </Variable>
    <Variable Id="57">
      <Name>Notch</Name>
      <RangeFrom>0</RangeFrom>
      <RangeTo>4</RangeTo>
      <Function></Function>
    </Variable>
    <Variable Id="43">
      <Name>Notch-IC</Name>
      <RangeFrom>0</RangeFrom>
      <RangeTo>4</RangeTo>
      <Function>min(var(42), var(66))</Function>
    </Variable>
    <Variable Id="58">
      <Name>Wnt</Name>
      <RangeFrom>0</RangeFrom>
      <RangeTo>4</RangeTo>
      <Function></Function>
    </Variable>
    <Variable Id="60">
      <Name>Jagged</Name>
      <RangeFrom>0</RangeFrom>
      <RangeTo>4</RangeTo>
      <Function></Function>
    </Variable>
    <Variable Id="61">
      <Name>Notch</Name>
      <RangeFrom>0</RangeFrom>
      <RangeTo>4</RangeTo>
      <Function></Function>
    </Variable>
    <Variable Id="59">
      <Name>Notch-IC</Name>
      <RangeFrom>0</RangeFrom>
      <RangeTo>4</RangeTo>
      <Function>min(var(61), var(67))</Function>
    </Variable>
    <Variable Id="62">
      <Name>Wnt</Name>
      <RangeFrom>0</RangeFrom>
      <RangeTo>4</RangeTo>
      <Function></Function>
    </Variable>
    <Variable Id="64">
      <Name>Jagged</Name>
      <RangeFrom>0</RangeFrom>
      <RangeTo>4</RangeTo>
      <Function></Function>
    </Variable>
    <Variable Id="65">
      <Name>Notch</Name>
      <RangeFrom>0</RangeFrom>
      <RangeTo>4</RangeTo>
      <Function></Function>
    </Variable>
    <Variable Id="63">
      <Name>Notch-IC</Name>
      <RangeFrom>0</RangeFrom>
      <RangeTo>4</RangeTo>
      <Function>min(var(65), var(68))</Function>
    </Variable>
  </Variables>
  <Relationships>
    <Relationship Id="68">
      <FromVariableId>16</FromVariableId>
      <ToVariableId>37</ToVariableId>
      <Type>Activator</Type>
    </Relationship>
    <Relationship Id="69">
      <FromVariableId>40</FromVariableId>
      <ToVariableId>37</ToVariableId>
      <Type>Activator</Type>
    </Relationship>
    <Relationship Id="70">
      <FromVariableId>12</FromVariableId>
      <ToVariableId>38</ToVariableId>
      <Type>Activator</Type>
    </Relationship>
    <Relationship Id="71">
      <FromVariableId>20</FromVariableId>
      <ToVariableId>38</ToVariableId>
      <Type>Activator</Type>
    </Relationship>
    <Relationship Id="73">
      <FromVariableId>16</FromVariableId>
      <ToVariableId>39</ToVariableId>
      <Type>Activator</Type>
    </Relationship>
    <Relationship Id="75">
      <FromVariableId>12</FromVariableId>
      <ToVariableId>55</ToVariableId>
      <Type>Activator</Type>
    </Relationship>
    <Relationship Id="87">
      <FromVariableId>58</FromVariableId>
      <ToVariableId>55</ToVariableId>
      <Type>Activator</Type>
    </Relationship>
    <Relationship Id="88">
      <FromVariableId>58</FromVariableId>
      <ToVariableId>38</ToVariableId>
      <Type>Activator</Type>
    </Relationship>
    <Relationship Id="89">
      <FromVariableId>62</FromVariableId>
      <ToVariableId>39</ToVariableId>
      <Type>Activator</Type>
    </Relationship>
    <Relationship Id="90">
      <FromVariableId>16</FromVariableId>
      <ToVariableId>69</ToVariableId>
      <Type>Activator</Type>
    </Relationship>
    <Relationship Id="91">
      <FromVariableId>40</FromVariableId>
      <ToVariableId>69</ToVariableId>
      <Type>Activator</Type>
    </Relationship>
    <Relationship Id="92">
      <FromVariableId>62</FromVariableId>
      <ToVariableId>69</ToVariableId>
      <Type>Activator</Type>
    </Relationship>
    <Relationship Id="93">
      <FromVariableId>20</FromVariableId>
      <ToVariableId>70</ToVariableId>
      <Type>Activator</Type>
    </Relationship>
    <Relationship Id="94">
      <FromVariableId>58</FromVariableId>
      <ToVariableId>70</ToVariableId>
      <Type>Activator</Type>
    </Relationship>
    <Relationship Id="42">
      <FromVariableId>37</FromVariableId>
      <ToVariableId>24</ToVariableId>
      <Type>Activator</Type>
    </Relationship>
    <Relationship Id="58">
      <FromVariableId>24</FromVariableId>
      <ToVariableId>8</ToVariableId>
      <Type>Activator</Type>
    </Relationship>
    <Relationship Id="97">
      <FromVariableId>24</FromVariableId>
      <ToVariableId>66</ToVariableId>
      <Type>Activator</Type>
    </Relationship>
    <Relationship Id="16">
      <FromVariableId>6</FromVariableId>
      <ToVariableId>25</ToVariableId>
      <Type>Activator</Type>
    </Relationship>
    <Relationship Id="18">
      <FromVariableId>8</FromVariableId>
      <ToVariableId>22</ToVariableId>
      <Type>Activator</Type>
    </Relationship>
    <Relationship Id="43">
      <FromVariableId>38</FromVariableId>
      <ToVariableId>23</ToVariableId>
      <Type>Activator</Type>
    </Relationship>
    <Relationship Id="55">
      <FromVariableId>23</FromVariableId>
      <ToVariableId>6</ToVariableId>
      <Type>Activator</Type>
    </Relationship>
    <Relationship Id="64">
      <FromVariableId>23</FromVariableId>
      <ToVariableId>11</ToVariableId>
      <Type>Activator</Type>
    </Relationship>
    <Relationship Id="99">
      <FromVariableId>23</FromVariableId>
      <ToVariableId>67</ToVariableId>
      <Type>Activator</Type>
    </Relationship>
    <Relationship Id="44">
      <FromVariableId>39</FromVariableId>
      <ToVariableId>30</ToVariableId>
      <Type>Activator</Type>
    </Relationship>
    <Relationship Id="60">
      <FromVariableId>30</FromVariableId>
      <ToVariableId>8</ToVariableId>
      <Type>Activator</Type>
    </Relationship>
    <Relationship Id="102">
      <FromVariableId>30</FromVariableId>
      <ToVariableId>68</ToVariableId>
      <Type>Activator</Type>
    </Relationship>
    <Relationship Id="20">
      <FromVariableId>11</FromVariableId>
      <ToVariableId>31</ToVariableId>
      <Type>Activator</Type>
    </Relationship>
    <Relationship Id="48">
      <FromVariableId>55</FromVariableId>
      <ToVariableId>41</ToVariableId>
      <Type>Activator</Type>
    </Relationship>
    <Relationship Id="54">
      <FromVariableId>41</FromVariableId>
      <ToVariableId>6</ToVariableId>
      <Type>Activator</Type>
    </Relationship>
    <Relationship Id="100">
      <FromVariableId>56</FromVariableId>
      <ToVariableId>67</ToVariableId>
      <Type>Activator</Type>
    </Relationship>
    <Relationship Id="78">
      <FromVariableId>66</FromVariableId>
      <ToVariableId>57</ToVariableId>
      <Type>Activator</Type>
    </Relationship>
    <Relationship Id="76">
      <FromVariableId>69</FromVariableId>
      <ToVariableId>60</ToVariableId>
      <Type>Activator</Type>
    </Relationship>
    <Relationship Id="95">
      <FromVariableId>60</FromVariableId>
      <ToVariableId>8</ToVariableId>
      <Type>Activator</Type>
    </Relationship>
    <Relationship Id="98">
      <FromVariableId>60</FromVariableId>
      <ToVariableId>66</ToVariableId>
      <Type>Activator</Type>
    </Relationship>
    <Relationship Id="103">
      <FromVariableId>60</FromVariableId>
      <ToVariableId>68</ToVariableId>
      <Type>Activator</Type>
    </Relationship>
    <Relationship Id="79">
      <FromVariableId>67</FromVariableId>
      <ToVariableId>61</ToVariableId>
      <Type>Activator</Type>
    </Relationship>
    <Relationship Id="77">
      <FromVariableId>70</FromVariableId>
      <ToVariableId>64</ToVariableId>
      <Type>Activator</Type>
    </Relationship>
    <Relationship Id="96">
      <FromVariableId>64</FromVariableId>
      <ToVariableId>11</ToVariableId>
      <Type>Activator</Type>
    </Relationship>
    <Relationship Id="101">
      <FromVariableId>64</FromVariableId>
      <ToVariableId>67</ToVariableId>
      <Type>Activator</Type>
    </Relationship>
    <Relationship Id="80">
      <FromVariableId>68</FromVariableId>
      <ToVariableId>65</ToVariableId>
      <Type>Activator</Type>
    </Relationship>
    <Relationship Id="37">
      <FromVariableId>32</FromVariableId>
      <ToVariableId>12</ToVariableId>
      <Type>Inhibitor</Type>
    </Relationship>
    <Relationship Id="6">
      <FromVariableId>32</FromVariableId>
      <ToVariableId>24</ToVariableId>
      <Type>Activator</Type>
    </Relationship>
    <Relationship Id="13">
      <FromVariableId>25</FromVariableId>
      <ToVariableId>32</ToVariableId>
      <Type>Activator</Type>
    </Relationship>
    <Relationship Id="39">
      <FromVariableId>34</FromVariableId>
      <ToVariableId>16</ToVariableId>
      <Type>Inhibitor</Type>
    </Relationship>
    <Relationship Id="11">
      <FromVariableId>22</FromVariableId>
      <ToVariableId>34</ToVariableId>
      <Type>Activator</Type>
    </Relationship>
    <Relationship Id="8">
      <FromVariableId>34</FromVariableId>
      <ToVariableId>23</ToVariableId>
      <Type>Activator</Type>
    </Relationship>
    <Relationship Id="41">
      <FromVariableId>36</FromVariableId>
      <ToVariableId>20</ToVariableId>
      <Type>Inhibitor</Type>
    </Relationship>
    <Relationship Id="10">
      <FromVariableId>36</FromVariableId>
      <ToVariableId>30</ToVariableId>
      <Type>Activator</Type>
    </Relationship>
    <Relationship Id="15">
      <FromVariableId>31</FromVariableId>
      <ToVariableId>36</ToVariableId>
      <Type>Activator</Type>
    </Relationship>
    <Relationship Id="86">
      <FromVariableId>63</FromVariableId>
      <ToVariableId>62</ToVariableId>
      <Type>Inhibitor</Type>
    </Relationship>
    <Relationship Id="84">
      <FromVariableId>63</FromVariableId>
      <ToVariableId>64</ToVariableId>
      <Type>Activator</Type>
    </Relationship>
    <Relationship Id="82">
      <FromVariableId>65</FromVariableId>
      <ToVariableId>63</ToVariableId>
      <Type>Activator</Type>
    </Relationship>
    <Relationship Id="85">
      <FromVariableId>59</FromVariableId>
      <ToVariableId>58</ToVariableId>
      <Type>Inhibitor</Type>
    </Relationship>
    <Relationship Id="83">
      <FromVariableId>59</FromVariableId>
      <ToVariableId>60</ToVariableId>
      <Type>Activator</Type>
    </Relationship>
    <Relationship Id="81">
      <FromVariableId>61</FromVariableId>
      <ToVariableId>59</ToVariableId>
      <Type>Activator</Type>
    </Relationship>
    <Relationship Id="47">
      <FromVariableId>43</FromVariableId>
      <ToVariableId>40</ToVariableId>
      <Type>Inhibitor</Type>
    </Relationship>
    <Relationship Id="45">
      <FromVariableId>43</FromVariableId>
      <ToVariableId>41</ToVariableId>
      <Type>Activator</Type>
    </Relationship>
    <Relationship Id="46">
      <FromVariableId>42</FromVariableId>
      <ToVariableId>43</ToVariableId>
      <Type>Activator</Type>
    </Relationship>
    <Relationship Id="104">
      <FromVariableId>66</FromVariableId>
      <ToVariableId>43</ToVariableId>
      <Type>Activator</Type>
    </Relationship>
    <Relationship Id="105">
      <FromVariableId>6</FromVariableId>
      <ToVariableId>32</ToVariableId>
      <Type>Activator</Type>
    </Relationship>
    <Relationship Id="106">
      <FromVariableId>67</FromVariableId>
      <ToVariableId>59</ToVariableId>
      <Type>Activator</Type>
    </Relationship>
    <Relationship Id="107">
      <FromVariableId>8</FromVariableId>
      <ToVariableId>34</ToVariableId>
      <Type>Activator</Type>
    </Relationship>
    <Relationship Id="108">
      <FromVariableId>11</FromVariableId>
      <ToVariableId>36</ToVariableId>
      <Type>Activator</Type>
    </Relationship>
    <Relationship Id="109">
      <FromVariableId>68</FromVariableId>
      <ToVariableId>63</ToVariableId>
      <Type>Activator</Type>
    </Relationship>
  </Relationships>
</AnalysisInput>